img_path,img_name,full_name
data/data_faces/0_0.jpg,0_0.jpg,Robert Downey Jr
data/data_faces/1_0.jpg,1_0.jpg,Robert Downey Jr
data/data_faces/2_0.jpg,2_0.jpg,Robert Downey Jr
data/data_faces/3_0.jpg,3_0.jpg,Robert Downey Jr
data/data_faces/4_0.jpg,4_0.jpg,Robert Downey Jr
data/data_faces/5_0.jpg,5_0.jpg,Robert Downey Jr
data/data_faces/6_0.jpg,6_0.jpg,Robert Downey Jr
data/data_faces/7_0.jpg,7_0.jpg,Robert Downey Jr
data/data_faces/8_0.jpg,8_0.jpg,Robert Downey Jr
data/data_faces/9_0.jpg,9_0.jpg,Robert Downey Jr
data/data_faces/10_0.jpg,10_0.jpg,Robert Downey Jr
data/data_faces/11_0.jpg,11_0.jpg,Robert Downey Jr
data/data_faces/12_0.jpg,12_0.jpg,Robert Downey Jr
data/data_faces/13_0.jpg,13_0.jpg,Robert Downey Jr
data/data_faces/14_0.jpg,14_0.jpg,Robert Downey Jr
data/data_faces/15_0.jpg,15_0.jpg,Robert Downey Jr
data/data_faces/16_0.jpg,16_0.jpg,Robert Downey Jr
data/data_faces/17_0.jpg,17_0.jpg,Robert Downey Jr
data/data_faces/18_0.jpg,18_0.jpg,Robert Downey Jr
data/data_faces/19_0.jpg,19_0.jpg,Robert Downey Jr
data/data_faces/20_0.jpg,20_0.jpg,Robert Downey Jr
data/data_faces/21_0.jpg,21_0.jpg,Robert Downey Jr
data/data_faces/22_0.jpg,22_0.jpg,Robert Downey Jr
data/data_faces/23_0.jpg,23_0.jpg,Robert Downey Jr
data/data_faces/24_0.jpg,24_0.jpg,Robert Downey Jr
data/data_faces/25_0.jpg,25_0.jpg,Robert Downey Jr
data/data_faces/26_0.jpg,26_0.jpg,Robert Downey Jr
data/data_faces/27_0.jpg,27_0.jpg,Robert Downey Jr
data/data_faces/28_0.jpg,28_0.jpg,Robert Downey Jr
data/data_faces/29_0.jpg,29_0.jpg,Robert Downey Jr
data/data_faces/30_0.jpg,30_0.jpg,Robert Downey Jr
data/data_faces/31_0.jpg,31_0.jpg,Robert Downey Jr
data/data_faces/32_0.jpg,32_0.jpg,Robert Downey Jr
data/data_faces/33_0.jpg,33_0.jpg,Robert Downey Jr
data/data_faces/34_0.jpg,34_0.jpg,Robert Downey Jr
data/data_faces/35_0.jpg,35_0.jpg,Robert Downey Jr
data/data_faces/36_0.jpg,36_0.jpg,Robert Downey Jr
data/data_faces/37_0.jpg,37_0.jpg,Robert Downey Jr
data/data_faces/38_0.jpg,38_0.jpg,Robert Downey Jr
data/data_faces/39_0.jpg,39_0.jpg,Robert Downey Jr
data/data_faces/40_0.jpg,40_0.jpg,Robert Downey Jr
data/data_faces/40_1.jpg,40_1.jpg,Robert Downey Jr
data/data_faces/41_0.jpg,41_0.jpg,Robert Downey Jr
data/data_faces/42_0.jpg,42_0.jpg,Robert Downey Jr
data/data_faces/43_0.jpg,43_0.jpg,Robert Downey Jr
data/data_faces/44_0.jpg,44_0.jpg,Robert Downey Jr
data/data_faces/45_0.jpg,45_0.jpg,Robert Downey Jr
data/data_faces/46_0.jpg,46_0.jpg,Robert Downey Jr
data/data_faces/47_0.jpg,47_0.jpg,Robert Downey Jr
data/data_faces/48_0.jpg,48_0.jpg,Robert Downey Jr
data/data_faces/48_1.jpg,48_1.jpg,Robert Downey Jr
data/data_faces/49_0.jpg,49_0.jpg,Robert Downey Jr
data/data_faces/50_0.jpg,50_0.jpg,Robert Downey Jr
data/data_faces/51_0.jpg,51_0.jpg,Robert Downey Jr
data/data_faces/52_0.jpg,52_0.jpg,Robert Downey Jr
data/data_faces/53_0.jpg,53_0.jpg,Robert Downey Jr
data/data_faces/54_0.jpg,54_0.jpg,Robert Downey Jr
data/data_faces/55_0.jpg,55_0.jpg,Robert Downey Jr
data/data_faces/56_0.jpg,56_0.jpg,Robert Downey Jr
data/data_faces/57_0.jpg,57_0.jpg,Robert Downey Jr
data/data_faces/58_0.jpg,58_0.jpg,Robert Downey Jr
data/data_faces/59_0.jpg,59_0.jpg,Robert Downey Jr
data/data_faces/60_0.jpg,60_0.jpg,Robert Downey Jr
data/data_faces/62_0.jpg,62_0.jpg,Robert Downey Jr
data/data_faces/63_0.jpg,63_0.jpg,Robert Downey Jr
data/data_faces/64_0.jpg,64_0.jpg,Robert Downey Jr
data/data_faces/65_0.jpg,65_0.jpg,Robert Downey Jr
data/data_faces/66_0.jpg,66_0.jpg,Robert Downey Jr
data/data_faces/67_0.jpg,67_0.jpg,Robert Downey Jr
data/data_faces/68_0.jpg,68_0.jpg,Robert Downey Jr
data/data_faces/69_0.jpg,69_0.jpg,Robert Downey Jr
data/data_faces/70_0.jpg,70_0.jpg,Robert Downey Jr
data/data_faces/71_0.jpg,71_0.jpg,Robert Downey Jr
data/data_faces/72_0.jpg,72_0.jpg,Robert Downey Jr
data/data_faces/73_0.jpg,73_0.jpg,Robert Downey Jr
data/data_faces/74_0.jpg,74_0.jpg,Robert Downey Jr
data/data_faces/75_0.jpg,75_0.jpg,Robert Downey Jr
data/data_faces/75_1.jpg,75_1.jpg,Robert Downey Jr
data/data_faces/75_2.jpg,75_2.jpg,Robert Downey Jr
data/data_faces/76_0.jpg,76_0.jpg,Robert Downey Jr
data/data_faces/77_0.jpg,77_0.jpg,Robert Downey Jr
data/data_faces/78_0.jpg,78_0.jpg,Robert Downey Jr
data/data_faces/79_0.jpg,79_0.jpg,Robert Downey Jr
data/data_faces/80_0.jpg,80_0.jpg,Robert Downey Jr
data/data_faces/81_0.jpg,81_0.jpg,Robert Downey Jr
data/data_faces/81_1.jpg,81_1.jpg,Robert Downey Jr
data/data_faces/82_0.jpg,82_0.jpg,Robert Downey Jr
data/data_faces/83_0.jpg,83_0.jpg,Robert Downey Jr
data/data_faces/84_0.jpg,84_0.jpg,Robert Downey Jr
data/data_faces/85_0.jpg,85_0.jpg,Robert Downey Jr
data/data_faces/86_0.jpg,86_0.jpg,Robert Downey Jr
data/data_faces/87_0.jpg,87_0.jpg,Robert Downey Jr
data/data_faces/88_0.jpg,88_0.jpg,Robert Downey Jr
data/data_faces/89_0.jpg,89_0.jpg,Robert Downey Jr
data/data_faces/90_0.jpg,90_0.jpg,Robert Downey Jr
data/data_faces/91_0.jpg,91_0.jpg,Robert Downey Jr
data/data_faces/92_0.jpg,92_0.jpg,Robert Downey Jr
data/data_faces/93_0.jpg,93_0.jpg,Robert Downey Jr
data/data_faces/94_0.jpg,94_0.jpg,Robert Downey Jr
data/data_faces/95_0.jpg,95_0.jpg,Robert Downey Jr
data/data_faces/96_0.jpg,96_0.jpg,Robert Downey Jr
data/data_faces/97_0.jpg,97_0.jpg,Robert Downey Jr
data/data_faces/98_0.jpg,98_0.jpg,Robert Downey Jr
data/data_faces/99_0.jpg,99_0.jpg,Robert Downey Jr
data/data_faces/100_0.jpg,100_0.jpg,Brad Pitt
data/data_faces/101_0.jpg,101_0.jpg,Brad Pitt
data/data_faces/102_0.jpg,102_0.jpg,Brad Pitt
data/data_faces/102_1.jpg,102_1.jpg,Brad Pitt
data/data_faces/103_0.jpg,103_0.jpg,Brad Pitt
data/data_faces/104_0.jpg,104_0.jpg,Brad Pitt
data/data_faces/104_1.jpg,104_1.jpg,Brad Pitt
data/data_faces/105_0.jpg,105_0.jpg,Brad Pitt
data/data_faces/106_0.jpg,106_0.jpg,Brad Pitt
data/data_faces/107_0.jpg,107_0.jpg,Brad Pitt
data/data_faces/108_0.jpg,108_0.jpg,Brad Pitt
data/data_faces/109_0.jpg,109_0.jpg,Brad Pitt
data/data_faces/110_0.jpg,110_0.jpg,Brad Pitt
data/data_faces/111_0.jpg,111_0.jpg,Brad Pitt
data/data_faces/112_0.jpg,112_0.jpg,Brad Pitt
data/data_faces/113_0.jpg,113_0.jpg,Brad Pitt
data/data_faces/114_0.jpg,114_0.jpg,Brad Pitt
data/data_faces/115_0.jpg,115_0.jpg,Brad Pitt
data/data_faces/116_0.jpg,116_0.jpg,Brad Pitt
data/data_faces/117_0.jpg,117_0.jpg,Brad Pitt
data/data_faces/118_0.jpg,118_0.jpg,Brad Pitt
data/data_faces/119_0.jpg,119_0.jpg,Brad Pitt
data/data_faces/120_0.jpg,120_0.jpg,Brad Pitt
data/data_faces/121_0.jpg,121_0.jpg,Brad Pitt
data/data_faces/122_0.jpg,122_0.jpg,Brad Pitt
data/data_faces/123_0.jpg,123_0.jpg,Brad Pitt
data/data_faces/124_0.jpg,124_0.jpg,Brad Pitt
data/data_faces/125_0.jpg,125_0.jpg,Brad Pitt
data/data_faces/126_0.jpg,126_0.jpg,Brad Pitt
data/data_faces/127_0.jpg,127_0.jpg,Brad Pitt
data/data_faces/128_0.jpg,128_0.jpg,Brad Pitt
data/data_faces/129_0.jpg,129_0.jpg,Brad Pitt
data/data_faces/130_0.jpg,130_0.jpg,Brad Pitt
data/data_faces/131_0.jpg,131_0.jpg,Brad Pitt
data/data_faces/132_0.jpg,132_0.jpg,Brad Pitt
data/data_faces/133_0.jpg,133_0.jpg,Brad Pitt
data/data_faces/134_0.jpg,134_0.jpg,Brad Pitt
data/data_faces/135_0.jpg,135_0.jpg,Brad Pitt
data/data_faces/136_0.jpg,136_0.jpg,Brad Pitt
data/data_faces/137_0.jpg,137_0.jpg,Brad Pitt
data/data_faces/138_0.jpg,138_0.jpg,Brad Pitt
data/data_faces/139_0.jpg,139_0.jpg,Brad Pitt
data/data_faces/140_0.jpg,140_0.jpg,Brad Pitt
data/data_faces/141_0.jpg,141_0.jpg,Brad Pitt
data/data_faces/142_0.jpg,142_0.jpg,Brad Pitt
data/data_faces/143_0.jpg,143_0.jpg,Brad Pitt
data/data_faces/144_0.jpg,144_0.jpg,Brad Pitt
data/data_faces/145_0.jpg,145_0.jpg,Brad Pitt
data/data_faces/146_0.jpg,146_0.jpg,Brad Pitt
data/data_faces/147_0.jpg,147_0.jpg,Brad Pitt
data/data_faces/148_0.jpg,148_0.jpg,Brad Pitt
data/data_faces/149_0.jpg,149_0.jpg,Brad Pitt
data/data_faces/150_0.jpg,150_0.jpg,Brad Pitt
data/data_faces/151_0.jpg,151_0.jpg,Brad Pitt
data/data_faces/152_0.jpg,152_0.jpg,Brad Pitt
data/data_faces/153_0.jpg,153_0.jpg,Brad Pitt
data/data_faces/154_0.jpg,154_0.jpg,Brad Pitt
data/data_faces/155_0.jpg,155_0.jpg,Brad Pitt
data/data_faces/156_0.jpg,156_0.jpg,Brad Pitt
data/data_faces/157_0.jpg,157_0.jpg,Brad Pitt
data/data_faces/158_0.jpg,158_0.jpg,Brad Pitt
data/data_faces/159_0.jpg,159_0.jpg,Brad Pitt
data/data_faces/160_0.jpg,160_0.jpg,Brad Pitt
data/data_faces/161_0.jpg,161_0.jpg,Brad Pitt
data/data_faces/162_0.jpg,162_0.jpg,Brad Pitt
data/data_faces/163_0.jpg,163_0.jpg,Brad Pitt
data/data_faces/164_0.jpg,164_0.jpg,Brad Pitt
data/data_faces/165_0.jpg,165_0.jpg,Brad Pitt
data/data_faces/166_0.jpg,166_0.jpg,Brad Pitt
data/data_faces/167_0.jpg,167_0.jpg,Brad Pitt
data/data_faces/168_0.jpg,168_0.jpg,Brad Pitt
data/data_faces/169_0.jpg,169_0.jpg,Brad Pitt
data/data_faces/170_0.jpg,170_0.jpg,Brad Pitt
data/data_faces/171_0.jpg,171_0.jpg,Brad Pitt
data/data_faces/172_0.jpg,172_0.jpg,Brad Pitt
data/data_faces/173_0.jpg,173_0.jpg,Brad Pitt
data/data_faces/174_0.jpg,174_0.jpg,Brad Pitt
data/data_faces/175_0.jpg,175_0.jpg,Brad Pitt
data/data_faces/176_0.jpg,176_0.jpg,Brad Pitt
data/data_faces/177_0.jpg,177_0.jpg,Brad Pitt
data/data_faces/178_0.jpg,178_0.jpg,Brad Pitt
data/data_faces/179_0.jpg,179_0.jpg,Brad Pitt
data/data_faces/180_0.jpg,180_0.jpg,Brad Pitt
data/data_faces/181_0.jpg,181_0.jpg,Brad Pitt
data/data_faces/182_0.jpg,182_0.jpg,Brad Pitt
data/data_faces/183_0.jpg,183_0.jpg,Brad Pitt
data/data_faces/184_0.jpg,184_0.jpg,Brad Pitt
data/data_faces/185_0.jpg,185_0.jpg,Brad Pitt
data/data_faces/186_0.jpg,186_0.jpg,Brad Pitt
data/data_faces/187_0.jpg,187_0.jpg,Brad Pitt
data/data_faces/188_0.jpg,188_0.jpg,Brad Pitt
data/data_faces/189_0.jpg,189_0.jpg,Brad Pitt
data/data_faces/191_0.jpg,191_0.jpg,Brad Pitt
data/data_faces/192_0.jpg,192_0.jpg,Brad Pitt
data/data_faces/193_0.jpg,193_0.jpg,Brad Pitt
data/data_faces/194_0.jpg,194_0.jpg,Brad Pitt
data/data_faces/195_0.jpg,195_0.jpg,Brad Pitt
data/data_faces/196_0.jpg,196_0.jpg,Brad Pitt
data/data_faces/197_0.jpg,197_0.jpg,Brad Pitt
data/data_faces/198_0.jpg,198_0.jpg,Brad Pitt
data/data_faces/199_0.jpg,199_0.jpg,Brad Pitt
data/data_faces/200_0.jpg,200_0.jpg,Leonardo DiCaprio
data/data_faces/201_0.jpg,201_0.jpg,Leonardo DiCaprio
data/data_faces/202_0.jpg,202_0.jpg,Leonardo DiCaprio
data/data_faces/203_0.jpg,203_0.jpg,Leonardo DiCaprio
data/data_faces/204_0.jpg,204_0.jpg,Leonardo DiCaprio
data/data_faces/205_0.jpg,205_0.jpg,Leonardo DiCaprio
data/data_faces/206_0.jpg,206_0.jpg,Leonardo DiCaprio
data/data_faces/207_0.jpg,207_0.jpg,Leonardo DiCaprio
data/data_faces/208_0.jpg,208_0.jpg,Leonardo DiCaprio
data/data_faces/209_0.jpg,209_0.jpg,Leonardo DiCaprio
data/data_faces/210_0.jpg,210_0.jpg,Leonardo DiCaprio
data/data_faces/211_0.jpg,211_0.jpg,Leonardo DiCaprio
data/data_faces/212_0.jpg,212_0.jpg,Leonardo DiCaprio
data/data_faces/213_0.jpg,213_0.jpg,Leonardo DiCaprio
data/data_faces/214_0.jpg,214_0.jpg,Leonardo DiCaprio
data/data_faces/215_0.jpg,215_0.jpg,Leonardo DiCaprio
data/data_faces/216_0.jpg,216_0.jpg,Leonardo DiCaprio
data/data_faces/217_0.jpg,217_0.jpg,Leonardo DiCaprio
data/data_faces/218_0.jpg,218_0.jpg,Leonardo DiCaprio
data/data_faces/219_0.jpg,219_0.jpg,Leonardo DiCaprio
data/data_faces/220_0.jpg,220_0.jpg,Leonardo DiCaprio
data/data_faces/221_0.jpg,221_0.jpg,Leonardo DiCaprio
data/data_faces/222_0.jpg,222_0.jpg,Leonardo DiCaprio
data/data_faces/223_0.jpg,223_0.jpg,Leonardo DiCaprio
data/data_faces/224_0.jpg,224_0.jpg,Leonardo DiCaprio
data/data_faces/225_0.jpg,225_0.jpg,Leonardo DiCaprio
data/data_faces/226_0.jpg,226_0.jpg,Leonardo DiCaprio
data/data_faces/227_0.jpg,227_0.jpg,Leonardo DiCaprio
data/data_faces/228_0.jpg,228_0.jpg,Leonardo DiCaprio
data/data_faces/229_0.jpg,229_0.jpg,Leonardo DiCaprio
data/data_faces/230_0.jpg,230_0.jpg,Leonardo DiCaprio
data/data_faces/231_0.jpg,231_0.jpg,Leonardo DiCaprio
data/data_faces/232_0.jpg,232_0.jpg,Leonardo DiCaprio
data/data_faces/233_0.jpg,233_0.jpg,Leonardo DiCaprio
data/data_faces/234_0.jpg,234_0.jpg,Leonardo DiCaprio
data/data_faces/235_0.jpg,235_0.jpg,Leonardo DiCaprio
data/data_faces/236_0.jpg,236_0.jpg,Leonardo DiCaprio
data/data_faces/237_0.jpg,237_0.jpg,Leonardo DiCaprio
data/data_faces/238_0.jpg,238_0.jpg,Leonardo DiCaprio
data/data_faces/239_0.jpg,239_0.jpg,Leonardo DiCaprio
data/data_faces/240_0.jpg,240_0.jpg,Leonardo DiCaprio
data/data_faces/241_0.jpg,241_0.jpg,Leonardo DiCaprio
data/data_faces/242_0.jpg,242_0.jpg,Leonardo DiCaprio
data/data_faces/243_0.jpg,243_0.jpg,Leonardo DiCaprio
data/data_faces/244_0.jpg,244_0.jpg,Leonardo DiCaprio
data/data_faces/245_0.jpg,245_0.jpg,Leonardo DiCaprio
data/data_faces/246_0.jpg,246_0.jpg,Leonardo DiCaprio
data/data_faces/247_0.jpg,247_0.jpg,Leonardo DiCaprio
data/data_faces/248_0.jpg,248_0.jpg,Leonardo DiCaprio
data/data_faces/249_0.jpg,249_0.jpg,Leonardo DiCaprio
data/data_faces/250_0.jpg,250_0.jpg,Leonardo DiCaprio
data/data_faces/251_0.jpg,251_0.jpg,Leonardo DiCaprio
data/data_faces/251_1.jpg,251_1.jpg,Leonardo DiCaprio
data/data_faces/251_2.jpg,251_2.jpg,Leonardo DiCaprio
data/data_faces/251_3.jpg,251_3.jpg,Leonardo DiCaprio
data/data_faces/252_0.jpg,252_0.jpg,Leonardo DiCaprio
data/data_faces/253_0.jpg,253_0.jpg,Leonardo DiCaprio
data/data_faces/254_0.jpg,254_0.jpg,Leonardo DiCaprio
data/data_faces/255_0.jpg,255_0.jpg,Leonardo DiCaprio
data/data_faces/256_0.jpg,256_0.jpg,Leonardo DiCaprio
data/data_faces/257_0.jpg,257_0.jpg,Leonardo DiCaprio
data/data_faces/258_0.jpg,258_0.jpg,Leonardo DiCaprio
data/data_faces/259_0.jpg,259_0.jpg,Leonardo DiCaprio
data/data_faces/260_0.jpg,260_0.jpg,Leonardo DiCaprio
data/data_faces/261_0.jpg,261_0.jpg,Leonardo DiCaprio
data/data_faces/262_0.jpg,262_0.jpg,Leonardo DiCaprio
data/data_faces/263_0.jpg,263_0.jpg,Leonardo DiCaprio
data/data_faces/264_0.jpg,264_0.jpg,Leonardo DiCaprio
data/data_faces/265_0.jpg,265_0.jpg,Leonardo DiCaprio
data/data_faces/266_0.jpg,266_0.jpg,Leonardo DiCaprio
data/data_faces/267_0.jpg,267_0.jpg,Leonardo DiCaprio
data/data_faces/268_0.jpg,268_0.jpg,Leonardo DiCaprio
data/data_faces/269_0.jpg,269_0.jpg,Leonardo DiCaprio
data/data_faces/270_0.jpg,270_0.jpg,Leonardo DiCaprio
data/data_faces/271_0.jpg,271_0.jpg,Leonardo DiCaprio
data/data_faces/272_0.jpg,272_0.jpg,Leonardo DiCaprio
data/data_faces/273_0.jpg,273_0.jpg,Leonardo DiCaprio
data/data_faces/274_0.jpg,274_0.jpg,Leonardo DiCaprio
data/data_faces/275_0.jpg,275_0.jpg,Leonardo DiCaprio
data/data_faces/276_0.jpg,276_0.jpg,Leonardo DiCaprio
data/data_faces/277_0.jpg,277_0.jpg,Leonardo DiCaprio
data/data_faces/278_0.jpg,278_0.jpg,Leonardo DiCaprio
data/data_faces/279_0.jpg,279_0.jpg,Leonardo DiCaprio
data/data_faces/280_0.jpg,280_0.jpg,Leonardo DiCaprio
data/data_faces/281_0.jpg,281_0.jpg,Leonardo DiCaprio
data/data_faces/282_0.jpg,282_0.jpg,Leonardo DiCaprio
data/data_faces/283_0.jpg,283_0.jpg,Leonardo DiCaprio
data/data_faces/284_0.jpg,284_0.jpg,Leonardo DiCaprio
data/data_faces/285_0.jpg,285_0.jpg,Leonardo DiCaprio
data/data_faces/286_0.jpg,286_0.jpg,Leonardo DiCaprio
data/data_faces/287_0.jpg,287_0.jpg,Leonardo DiCaprio
data/data_faces/288_0.jpg,288_0.jpg,Leonardo DiCaprio
data/data_faces/289_0.jpg,289_0.jpg,Leonardo DiCaprio
data/data_faces/290_0.jpg,290_0.jpg,Leonardo DiCaprio
data/data_faces/291_0.jpg,291_0.jpg,Leonardo DiCaprio
data/data_faces/292_0.jpg,292_0.jpg,Leonardo DiCaprio
data/data_faces/293_0.jpg,293_0.jpg,Leonardo DiCaprio
data/data_faces/294_0.jpg,294_0.jpg,Leonardo DiCaprio
data/data_faces/295_0.jpg,295_0.jpg,Leonardo DiCaprio
data/data_faces/296_0.jpg,296_0.jpg,Leonardo DiCaprio
data/data_faces/297_0.jpg,297_0.jpg,Leonardo DiCaprio
data/data_faces/298_0.jpg,298_0.jpg,Leonardo DiCaprio
data/data_faces/299_0.jpg,299_0.jpg,Leonardo DiCaprio
data/data_faces/300_0.jpg,300_0.jpg,Jennifer Lawrence
data/data_faces/301_0.jpg,301_0.jpg,Jennifer Lawrence
data/data_faces/302_0.jpg,302_0.jpg,Jennifer Lawrence
data/data_faces/303_0.jpg,303_0.jpg,Jennifer Lawrence
data/data_faces/304_0.jpg,304_0.jpg,Jennifer Lawrence
data/data_faces/305_0.jpg,305_0.jpg,Jennifer Lawrence
data/data_faces/306_0.jpg,306_0.jpg,Jennifer Lawrence
data/data_faces/307_0.jpg,307_0.jpg,Jennifer Lawrence
data/data_faces/308_0.jpg,308_0.jpg,Jennifer Lawrence
data/data_faces/309_0.jpg,309_0.jpg,Jennifer Lawrence
data/data_faces/310_0.jpg,310_0.jpg,Jennifer Lawrence
data/data_faces/311_0.jpg,311_0.jpg,Jennifer Lawrence
data/data_faces/312_0.jpg,312_0.jpg,Jennifer Lawrence
data/data_faces/313_0.jpg,313_0.jpg,Jennifer Lawrence
data/data_faces/314_0.jpg,314_0.jpg,Jennifer Lawrence
data/data_faces/315_0.jpg,315_0.jpg,Jennifer Lawrence
data/data_faces/316_0.jpg,316_0.jpg,Jennifer Lawrence
data/data_faces/317_0.jpg,317_0.jpg,Jennifer Lawrence
data/data_faces/318_0.jpg,318_0.jpg,Jennifer Lawrence
data/data_faces/319_0.jpg,319_0.jpg,Jennifer Lawrence
data/data_faces/320_0.jpg,320_0.jpg,Jennifer Lawrence
data/data_faces/321_0.jpg,321_0.jpg,Jennifer Lawrence
data/data_faces/322_0.jpg,322_0.jpg,Jennifer Lawrence
data/data_faces/323_0.jpg,323_0.jpg,Jennifer Lawrence
data/data_faces/324_0.jpg,324_0.jpg,Jennifer Lawrence
data/data_faces/325_0.jpg,325_0.jpg,Jennifer Lawrence
data/data_faces/326_0.jpg,326_0.jpg,Jennifer Lawrence
data/data_faces/327_0.jpg,327_0.jpg,Jennifer Lawrence
data/data_faces/328_0.jpg,328_0.jpg,Jennifer Lawrence
data/data_faces/329_0.jpg,329_0.jpg,Jennifer Lawrence
data/data_faces/330_0.jpg,330_0.jpg,Jennifer Lawrence
data/data_faces/331_0.jpg,331_0.jpg,Jennifer Lawrence
data/data_faces/332_0.jpg,332_0.jpg,Jennifer Lawrence
data/data_faces/333_0.jpg,333_0.jpg,Jennifer Lawrence
data/data_faces/334_0.jpg,334_0.jpg,Jennifer Lawrence
data/data_faces/335_0.jpg,335_0.jpg,Jennifer Lawrence
data/data_faces/336_0.jpg,336_0.jpg,Jennifer Lawrence
data/data_faces/337_0.jpg,337_0.jpg,Jennifer Lawrence
data/data_faces/338_0.jpg,338_0.jpg,Jennifer Lawrence
data/data_faces/339_0.jpg,339_0.jpg,Jennifer Lawrence
data/data_faces/340_0.jpg,340_0.jpg,Jennifer Lawrence
data/data_faces/341_0.jpg,341_0.jpg,Jennifer Lawrence
data/data_faces/342_0.jpg,342_0.jpg,Jennifer Lawrence
data/data_faces/343_0.jpg,343_0.jpg,Jennifer Lawrence
data/data_faces/344_0.jpg,344_0.jpg,Jennifer Lawrence
data/data_faces/345_0.jpg,345_0.jpg,Jennifer Lawrence
data/data_faces/346_0.jpg,346_0.jpg,Jennifer Lawrence
data/data_faces/347_0.jpg,347_0.jpg,Jennifer Lawrence
data/data_faces/348_0.jpg,348_0.jpg,Jennifer Lawrence
data/data_faces/349_0.jpg,349_0.jpg,Jennifer Lawrence
data/data_faces/350_0.jpg,350_0.jpg,Jennifer Lawrence
data/data_faces/351_0.jpg,351_0.jpg,Jennifer Lawrence
data/data_faces/352_0.jpg,352_0.jpg,Jennifer Lawrence
data/data_faces/353_0.jpg,353_0.jpg,Jennifer Lawrence
data/data_faces/354_0.jpg,354_0.jpg,Jennifer Lawrence
data/data_faces/355_0.jpg,355_0.jpg,Jennifer Lawrence
data/data_faces/356_0.jpg,356_0.jpg,Jennifer Lawrence
data/data_faces/357_0.jpg,357_0.jpg,Jennifer Lawrence
data/data_faces/358_0.jpg,358_0.jpg,Jennifer Lawrence
data/data_faces/359_0.jpg,359_0.jpg,Jennifer Lawrence
data/data_faces/360_0.jpg,360_0.jpg,Jennifer Lawrence
data/data_faces/361_0.jpg,361_0.jpg,Jennifer Lawrence
data/data_faces/362_0.jpg,362_0.jpg,Jennifer Lawrence
data/data_faces/363_0.jpg,363_0.jpg,Jennifer Lawrence
data/data_faces/364_0.jpg,364_0.jpg,Jennifer Lawrence
data/data_faces/365_0.jpg,365_0.jpg,Jennifer Lawrence
data/data_faces/366_0.jpg,366_0.jpg,Jennifer Lawrence
data/data_faces/367_0.jpg,367_0.jpg,Jennifer Lawrence
data/data_faces/368_0.jpg,368_0.jpg,Jennifer Lawrence
data/data_faces/369_0.jpg,369_0.jpg,Jennifer Lawrence
data/data_faces/370_0.jpg,370_0.jpg,Jennifer Lawrence
data/data_faces/371_0.jpg,371_0.jpg,Jennifer Lawrence
data/data_faces/372_0.jpg,372_0.jpg,Jennifer Lawrence
data/data_faces/373_0.jpg,373_0.jpg,Jennifer Lawrence
data/data_faces/374_0.jpg,374_0.jpg,Jennifer Lawrence
data/data_faces/374_1.jpg,374_1.jpg,Jennifer Lawrence
data/data_faces/375_0.jpg,375_0.jpg,Jennifer Lawrence
data/data_faces/376_0.jpg,376_0.jpg,Jennifer Lawrence
data/data_faces/377_0.jpg,377_0.jpg,Jennifer Lawrence
data/data_faces/378_0.jpg,378_0.jpg,Jennifer Lawrence
data/data_faces/379_0.jpg,379_0.jpg,Jennifer Lawrence
data/data_faces/380_0.jpg,380_0.jpg,Jennifer Lawrence
data/data_faces/381_0.jpg,381_0.jpg,Jennifer Lawrence
data/data_faces/382_0.jpg,382_0.jpg,Jennifer Lawrence
data/data_faces/383_0.jpg,383_0.jpg,Jennifer Lawrence
data/data_faces/384_0.jpg,384_0.jpg,Jennifer Lawrence
data/data_faces/385_0.jpg,385_0.jpg,Jennifer Lawrence
data/data_faces/386_0.jpg,386_0.jpg,Jennifer Lawrence
data/data_faces/387_0.jpg,387_0.jpg,Jennifer Lawrence
data/data_faces/388_0.jpg,388_0.jpg,Jennifer Lawrence
data/data_faces/389_0.jpg,389_0.jpg,Jennifer Lawrence
data/data_faces/390_0.jpg,390_0.jpg,Jennifer Lawrence
data/data_faces/391_0.jpg,391_0.jpg,Jennifer Lawrence
data/data_faces/392_0.jpg,392_0.jpg,Jennifer Lawrence
data/data_faces/393_0.jpg,393_0.jpg,Jennifer Lawrence
data/data_faces/394_0.jpg,394_0.jpg,Jennifer Lawrence
data/data_faces/395_0.jpg,395_0.jpg,Jennifer Lawrence
data/data_faces/396_0.jpg,396_0.jpg,Jennifer Lawrence
data/data_faces/397_0.jpg,397_0.jpg,Jennifer Lawrence
data/data_faces/398_0.jpg,398_0.jpg,Jennifer Lawrence
data/data_faces/399_0.jpg,399_0.jpg,Jennifer Lawrence
data/data_faces/400_0.jpg,400_0.jpg,Tom Cruise
data/data_faces/401_0.jpg,401_0.jpg,Tom Cruise
data/data_faces/402_0.jpg,402_0.jpg,Tom Cruise
data/data_faces/403_0.jpg,403_0.jpg,Tom Cruise
data/data_faces/404_0.jpg,404_0.jpg,Tom Cruise
data/data_faces/405_0.jpg,405_0.jpg,Tom Cruise
data/data_faces/406_0.jpg,406_0.jpg,Tom Cruise
data/data_faces/407_0.jpg,407_0.jpg,Tom Cruise
data/data_faces/408_0.jpg,408_0.jpg,Tom Cruise
data/data_faces/409_0.jpg,409_0.jpg,Tom Cruise
data/data_faces/411_0.jpg,411_0.jpg,Tom Cruise
data/data_faces/412_0.jpg,412_0.jpg,Tom Cruise
data/data_faces/413_0.jpg,413_0.jpg,Tom Cruise
data/data_faces/414_0.jpg,414_0.jpg,Tom Cruise
data/data_faces/415_0.jpg,415_0.jpg,Tom Cruise
data/data_faces/416_0.jpg,416_0.jpg,Tom Cruise
data/data_faces/417_0.jpg,417_0.jpg,Tom Cruise
data/data_faces/418_0.jpg,418_0.jpg,Tom Cruise
data/data_faces/419_0.jpg,419_0.jpg,Tom Cruise
data/data_faces/420_0.jpg,420_0.jpg,Tom Cruise
data/data_faces/421_0.jpg,421_0.jpg,Tom Cruise
data/data_faces/422_0.jpg,422_0.jpg,Tom Cruise
data/data_faces/423_0.jpg,423_0.jpg,Tom Cruise
data/data_faces/424_0.jpg,424_0.jpg,Tom Cruise
data/data_faces/425_0.jpg,425_0.jpg,Tom Cruise
data/data_faces/426_0.jpg,426_0.jpg,Tom Cruise
data/data_faces/427_0.jpg,427_0.jpg,Tom Cruise
data/data_faces/428_0.jpg,428_0.jpg,Tom Cruise
data/data_faces/429_0.jpg,429_0.jpg,Tom Cruise
data/data_faces/430_0.jpg,430_0.jpg,Tom Cruise
data/data_faces/431_0.jpg,431_0.jpg,Tom Cruise
data/data_faces/432_0.jpg,432_0.jpg,Tom Cruise
data/data_faces/433_0.jpg,433_0.jpg,Tom Cruise
data/data_faces/434_0.jpg,434_0.jpg,Tom Cruise
data/data_faces/435_0.jpg,435_0.jpg,Tom Cruise
data/data_faces/436_0.jpg,436_0.jpg,Tom Cruise
data/data_faces/437_0.jpg,437_0.jpg,Tom Cruise
data/data_faces/438_0.jpg,438_0.jpg,Tom Cruise
data/data_faces/439_0.jpg,439_0.jpg,Tom Cruise
data/data_faces/440_0.jpg,440_0.jpg,Tom Cruise
data/data_faces/441_0.jpg,441_0.jpg,Tom Cruise
data/data_faces/442_0.jpg,442_0.jpg,Tom Cruise
data/data_faces/443_0.jpg,443_0.jpg,Tom Cruise
data/data_faces/444_0.jpg,444_0.jpg,Tom Cruise
data/data_faces/445_0.jpg,445_0.jpg,Tom Cruise
data/data_faces/446_0.jpg,446_0.jpg,Tom Cruise
data/data_faces/447_0.jpg,447_0.jpg,Tom Cruise
data/data_faces/448_0.jpg,448_0.jpg,Tom Cruise
data/data_faces/449_0.jpg,449_0.jpg,Tom Cruise
data/data_faces/450_0.jpg,450_0.jpg,Tom Cruise
data/data_faces/451_0.jpg,451_0.jpg,Tom Cruise
data/data_faces/452_0.jpg,452_0.jpg,Tom Cruise
data/data_faces/453_0.jpg,453_0.jpg,Tom Cruise
data/data_faces/454_0.jpg,454_0.jpg,Tom Cruise
data/data_faces/455_0.jpg,455_0.jpg,Tom Cruise
data/data_faces/456_0.jpg,456_0.jpg,Tom Cruise
data/data_faces/457_0.jpg,457_0.jpg,Tom Cruise
data/data_faces/458_0.jpg,458_0.jpg,Tom Cruise
data/data_faces/459_0.jpg,459_0.jpg,Tom Cruise
data/data_faces/460_0.jpg,460_0.jpg,Tom Cruise
data/data_faces/461_0.jpg,461_0.jpg,Tom Cruise
data/data_faces/462_0.jpg,462_0.jpg,Tom Cruise
data/data_faces/463_0.jpg,463_0.jpg,Tom Cruise
data/data_faces/464_0.jpg,464_0.jpg,Tom Cruise
data/data_faces/465_0.jpg,465_0.jpg,Tom Cruise
data/data_faces/466_0.jpg,466_0.jpg,Tom Cruise
data/data_faces/467_0.jpg,467_0.jpg,Tom Cruise
data/data_faces/468_0.jpg,468_0.jpg,Tom Cruise
data/data_faces/469_0.jpg,469_0.jpg,Tom Cruise
data/data_faces/470_0.jpg,470_0.jpg,Tom Cruise
data/data_faces/471_0.jpg,471_0.jpg,Tom Cruise
data/data_faces/472_0.jpg,472_0.jpg,Tom Cruise
data/data_faces/473_0.jpg,473_0.jpg,Tom Cruise
data/data_faces/474_0.jpg,474_0.jpg,Tom Cruise
data/data_faces/475_0.jpg,475_0.jpg,Tom Cruise
data/data_faces/476_0.jpg,476_0.jpg,Tom Cruise
data/data_faces/477_0.jpg,477_0.jpg,Tom Cruise
data/data_faces/478_0.jpg,478_0.jpg,Tom Cruise
data/data_faces/479_0.jpg,479_0.jpg,Tom Cruise
data/data_faces/480_0.jpg,480_0.jpg,Tom Cruise
data/data_faces/481_0.jpg,481_0.jpg,Tom Cruise
data/data_faces/482_0.jpg,482_0.jpg,Tom Cruise
data/data_faces/483_0.jpg,483_0.jpg,Tom Cruise
data/data_faces/484_0.jpg,484_0.jpg,Tom Cruise
data/data_faces/485_0.jpg,485_0.jpg,Tom Cruise
data/data_faces/486_0.jpg,486_0.jpg,Tom Cruise
data/data_faces/487_0.jpg,487_0.jpg,Tom Cruise
data/data_faces/488_0.jpg,488_0.jpg,Tom Cruise
data/data_faces/489_0.jpg,489_0.jpg,Tom Cruise
data/data_faces/490_0.jpg,490_0.jpg,Tom Cruise
data/data_faces/491_0.jpg,491_0.jpg,Tom Cruise
data/data_faces/492_0.jpg,492_0.jpg,Tom Cruise
data/data_faces/493_0.jpg,493_0.jpg,Tom Cruise
data/data_faces/494_0.jpg,494_0.jpg,Tom Cruise
data/data_faces/495_0.jpg,495_0.jpg,Tom Cruise
data/data_faces/496_0.jpg,496_0.jpg,Tom Cruise
data/data_faces/497_0.jpg,497_0.jpg,Tom Cruise
data/data_faces/498_0.jpg,498_0.jpg,Tom Cruise
data/data_faces/499_0.jpg,499_0.jpg,Tom Cruise
data/data_faces/500_0.jpg,500_0.jpg,Hugh Jackman
data/data_faces/501_0.jpg,501_0.jpg,Hugh Jackman
data/data_faces/502_0.jpg,502_0.jpg,Hugh Jackman
data/data_faces/503_0.jpg,503_0.jpg,Hugh Jackman
data/data_faces/505_0.jpg,505_0.jpg,Hugh Jackman
data/data_faces/506_0.jpg,506_0.jpg,Hugh Jackman
data/data_faces/507_0.jpg,507_0.jpg,Hugh Jackman
data/data_faces/508_0.jpg,508_0.jpg,Hugh Jackman
data/data_faces/509_0.jpg,509_0.jpg,Hugh Jackman
data/data_faces/510_0.jpg,510_0.jpg,Hugh Jackman
data/data_faces/510_1.jpg,510_1.jpg,Hugh Jackman
data/data_faces/511_0.jpg,511_0.jpg,Hugh Jackman
data/data_faces/512_0.jpg,512_0.jpg,Hugh Jackman
data/data_faces/513_0.jpg,513_0.jpg,Hugh Jackman
data/data_faces/514_0.jpg,514_0.jpg,Hugh Jackman
data/data_faces/515_0.jpg,515_0.jpg,Hugh Jackman
data/data_faces/516_0.jpg,516_0.jpg,Hugh Jackman
data/data_faces/517_0.jpg,517_0.jpg,Hugh Jackman
data/data_faces/518_0.jpg,518_0.jpg,Hugh Jackman
data/data_faces/519_0.jpg,519_0.jpg,Hugh Jackman
data/data_faces/520_0.jpg,520_0.jpg,Hugh Jackman
data/data_faces/521_0.jpg,521_0.jpg,Hugh Jackman
data/data_faces/522_0.jpg,522_0.jpg,Hugh Jackman
data/data_faces/523_0.jpg,523_0.jpg,Hugh Jackman
data/data_faces/524_0.jpg,524_0.jpg,Hugh Jackman
data/data_faces/525_0.jpg,525_0.jpg,Hugh Jackman
data/data_faces/526_0.jpg,526_0.jpg,Hugh Jackman
data/data_faces/527_0.jpg,527_0.jpg,Hugh Jackman
data/data_faces/528_0.jpg,528_0.jpg,Hugh Jackman
data/data_faces/529_0.jpg,529_0.jpg,Hugh Jackman
data/data_faces/530_0.jpg,530_0.jpg,Hugh Jackman
data/data_faces/531_0.jpg,531_0.jpg,Hugh Jackman
data/data_faces/532_0.jpg,532_0.jpg,Hugh Jackman
data/data_faces/533_0.jpg,533_0.jpg,Hugh Jackman
data/data_faces/534_0.jpg,534_0.jpg,Hugh Jackman
data/data_faces/535_0.jpg,535_0.jpg,Hugh Jackman
data/data_faces/536_0.jpg,536_0.jpg,Hugh Jackman
data/data_faces/537_0.jpg,537_0.jpg,Hugh Jackman
data/data_faces/538_0.jpg,538_0.jpg,Hugh Jackman
data/data_faces/539_0.jpg,539_0.jpg,Hugh Jackman
data/data_faces/540_0.jpg,540_0.jpg,Hugh Jackman
data/data_faces/541_0.jpg,541_0.jpg,Hugh Jackman
data/data_faces/542_0.jpg,542_0.jpg,Hugh Jackman
data/data_faces/543_0.jpg,543_0.jpg,Hugh Jackman
data/data_faces/544_0.jpg,544_0.jpg,Hugh Jackman
data/data_faces/545_0.jpg,545_0.jpg,Hugh Jackman
data/data_faces/546_0.jpg,546_0.jpg,Hugh Jackman
data/data_faces/547_0.jpg,547_0.jpg,Hugh Jackman
data/data_faces/548_0.jpg,548_0.jpg,Hugh Jackman
data/data_faces/549_0.jpg,549_0.jpg,Hugh Jackman
data/data_faces/550_0.jpg,550_0.jpg,Hugh Jackman
data/data_faces/551_0.jpg,551_0.jpg,Hugh Jackman
data/data_faces/552_0.jpg,552_0.jpg,Hugh Jackman
data/data_faces/553_0.jpg,553_0.jpg,Hugh Jackman
data/data_faces/554_0.jpg,554_0.jpg,Hugh Jackman
data/data_faces/555_0.jpg,555_0.jpg,Hugh Jackman
data/data_faces/556_0.jpg,556_0.jpg,Hugh Jackman
data/data_faces/557_0.jpg,557_0.jpg,Hugh Jackman
data/data_faces/558_0.jpg,558_0.jpg,Hugh Jackman
data/data_faces/559_0.jpg,559_0.jpg,Hugh Jackman
data/data_faces/560_0.jpg,560_0.jpg,Hugh Jackman
data/data_faces/561_0.jpg,561_0.jpg,Hugh Jackman
data/data_faces/562_0.jpg,562_0.jpg,Hugh Jackman
data/data_faces/563_0.jpg,563_0.jpg,Hugh Jackman
data/data_faces/564_0.jpg,564_0.jpg,Hugh Jackman
data/data_faces/565_0.jpg,565_0.jpg,Hugh Jackman
data/data_faces/566_0.jpg,566_0.jpg,Hugh Jackman
data/data_faces/567_0.jpg,567_0.jpg,Hugh Jackman
data/data_faces/568_0.jpg,568_0.jpg,Hugh Jackman
data/data_faces/569_0.jpg,569_0.jpg,Hugh Jackman
data/data_faces/570_0.jpg,570_0.jpg,Hugh Jackman
data/data_faces/571_0.jpg,571_0.jpg,Hugh Jackman
data/data_faces/572_0.jpg,572_0.jpg,Hugh Jackman
data/data_faces/573_0.jpg,573_0.jpg,Hugh Jackman
data/data_faces/574_0.jpg,574_0.jpg,Hugh Jackman
data/data_faces/575_0.jpg,575_0.jpg,Hugh Jackman
data/data_faces/576_0.jpg,576_0.jpg,Hugh Jackman
data/data_faces/577_0.jpg,577_0.jpg,Hugh Jackman
data/data_faces/578_0.jpg,578_0.jpg,Hugh Jackman
data/data_faces/579_0.jpg,579_0.jpg,Hugh Jackman
data/data_faces/580_0.jpg,580_0.jpg,Hugh Jackman
data/data_faces/581_0.jpg,581_0.jpg,Hugh Jackman
data/data_faces/582_0.jpg,582_0.jpg,Hugh Jackman
data/data_faces/583_0.jpg,583_0.jpg,Hugh Jackman
data/data_faces/584_0.jpg,584_0.jpg,Hugh Jackman
data/data_faces/585_0.jpg,585_0.jpg,Hugh Jackman
data/data_faces/586_0.jpg,586_0.jpg,Hugh Jackman
data/data_faces/587_0.jpg,587_0.jpg,Hugh Jackman
data/data_faces/588_0.jpg,588_0.jpg,Hugh Jackman
data/data_faces/589_0.jpg,589_0.jpg,Hugh Jackman
data/data_faces/590_0.jpg,590_0.jpg,Hugh Jackman
data/data_faces/591_0.jpg,591_0.jpg,Hugh Jackman
data/data_faces/592_0.jpg,592_0.jpg,Hugh Jackman
data/data_faces/593_0.jpg,593_0.jpg,Hugh Jackman
data/data_faces/594_0.jpg,594_0.jpg,Hugh Jackman
data/data_faces/595_0.jpg,595_0.jpg,Hugh Jackman
data/data_faces/596_0.jpg,596_0.jpg,Hugh Jackman
data/data_faces/597_0.jpg,597_0.jpg,Hugh Jackman
data/data_faces/598_0.jpg,598_0.jpg,Hugh Jackman
data/data_faces/599_0.jpg,599_0.jpg,Hugh Jackman
data/data_faces/600_0.jpg,600_0.jpg,Angelina Jolie
data/data_faces/601_0.jpg,601_0.jpg,Angelina Jolie
data/data_faces/602_0.jpg,602_0.jpg,Angelina Jolie
data/data_faces/603_0.jpg,603_0.jpg,Angelina Jolie
data/data_faces/604_0.jpg,604_0.jpg,Angelina Jolie
data/data_faces/605_0.jpg,605_0.jpg,Angelina Jolie
data/data_faces/606_0.jpg,606_0.jpg,Angelina Jolie
data/data_faces/607_0.jpg,607_0.jpg,Angelina Jolie
data/data_faces/608_0.jpg,608_0.jpg,Angelina Jolie
data/data_faces/609_0.jpg,609_0.jpg,Angelina Jolie
data/data_faces/610_0.jpg,610_0.jpg,Angelina Jolie
data/data_faces/611_0.jpg,611_0.jpg,Angelina Jolie
data/data_faces/612_0.jpg,612_0.jpg,Angelina Jolie
data/data_faces/613_0.jpg,613_0.jpg,Angelina Jolie
data/data_faces/614_0.jpg,614_0.jpg,Angelina Jolie
data/data_faces/615_0.jpg,615_0.jpg,Angelina Jolie
data/data_faces/616_0.jpg,616_0.jpg,Angelina Jolie
data/data_faces/617_0.jpg,617_0.jpg,Angelina Jolie
data/data_faces/618_0.jpg,618_0.jpg,Angelina Jolie
data/data_faces/619_0.jpg,619_0.jpg,Angelina Jolie
data/data_faces/620_0.jpg,620_0.jpg,Angelina Jolie
data/data_faces/621_0.jpg,621_0.jpg,Angelina Jolie
data/data_faces/622_0.jpg,622_0.jpg,Angelina Jolie
data/data_faces/623_0.jpg,623_0.jpg,Angelina Jolie
data/data_faces/624_0.jpg,624_0.jpg,Angelina Jolie
data/data_faces/625_0.jpg,625_0.jpg,Angelina Jolie
data/data_faces/626_0.jpg,626_0.jpg,Angelina Jolie
data/data_faces/627_0.jpg,627_0.jpg,Angelina Jolie
data/data_faces/628_0.jpg,628_0.jpg,Angelina Jolie
data/data_faces/629_0.jpg,629_0.jpg,Angelina Jolie
data/data_faces/630_0.jpg,630_0.jpg,Angelina Jolie
data/data_faces/631_0.jpg,631_0.jpg,Angelina Jolie
data/data_faces/632_0.jpg,632_0.jpg,Angelina Jolie
data/data_faces/633_0.jpg,633_0.jpg,Angelina Jolie
data/data_faces/634_0.jpg,634_0.jpg,Angelina Jolie
data/data_faces/635_0.jpg,635_0.jpg,Angelina Jolie
data/data_faces/636_0.jpg,636_0.jpg,Angelina Jolie
data/data_faces/637_0.jpg,637_0.jpg,Angelina Jolie
data/data_faces/638_0.jpg,638_0.jpg,Angelina Jolie
data/data_faces/639_0.jpg,639_0.jpg,Angelina Jolie
data/data_faces/640_0.jpg,640_0.jpg,Angelina Jolie
data/data_faces/641_0.jpg,641_0.jpg,Angelina Jolie
data/data_faces/642_0.jpg,642_0.jpg,Angelina Jolie
data/data_faces/643_0.jpg,643_0.jpg,Angelina Jolie
data/data_faces/644_0.jpg,644_0.jpg,Angelina Jolie
data/data_faces/645_0.jpg,645_0.jpg,Angelina Jolie
data/data_faces/646_0.jpg,646_0.jpg,Angelina Jolie
data/data_faces/647_0.jpg,647_0.jpg,Angelina Jolie
data/data_faces/648_0.jpg,648_0.jpg,Angelina Jolie
data/data_faces/649_0.jpg,649_0.jpg,Angelina Jolie
data/data_faces/650_0.jpg,650_0.jpg,Angelina Jolie
data/data_faces/651_0.jpg,651_0.jpg,Angelina Jolie
data/data_faces/652_0.jpg,652_0.jpg,Angelina Jolie
data/data_faces/653_0.jpg,653_0.jpg,Angelina Jolie
data/data_faces/654_0.jpg,654_0.jpg,Angelina Jolie
data/data_faces/655_0.jpg,655_0.jpg,Angelina Jolie
data/data_faces/656_0.jpg,656_0.jpg,Angelina Jolie
data/data_faces/657_0.jpg,657_0.jpg,Angelina Jolie
data/data_faces/658_0.jpg,658_0.jpg,Angelina Jolie
data/data_faces/659_0.jpg,659_0.jpg,Angelina Jolie
data/data_faces/660_0.jpg,660_0.jpg,Angelina Jolie
data/data_faces/661_0.jpg,661_0.jpg,Angelina Jolie
data/data_faces/662_0.jpg,662_0.jpg,Angelina Jolie
data/data_faces/663_0.jpg,663_0.jpg,Angelina Jolie
data/data_faces/664_0.jpg,664_0.jpg,Angelina Jolie
data/data_faces/665_0.jpg,665_0.jpg,Angelina Jolie
data/data_faces/666_0.jpg,666_0.jpg,Angelina Jolie
data/data_faces/667_0.jpg,667_0.jpg,Angelina Jolie
data/data_faces/668_0.jpg,668_0.jpg,Angelina Jolie
data/data_faces/669_0.jpg,669_0.jpg,Angelina Jolie
data/data_faces/670_0.jpg,670_0.jpg,Angelina Jolie
data/data_faces/670_1.jpg,670_1.jpg,Angelina Jolie
data/data_faces/671_0.jpg,671_0.jpg,Angelina Jolie
data/data_faces/672_0.jpg,672_0.jpg,Angelina Jolie
data/data_faces/673_0.jpg,673_0.jpg,Angelina Jolie
data/data_faces/674_0.jpg,674_0.jpg,Angelina Jolie
data/data_faces/675_0.jpg,675_0.jpg,Angelina Jolie
data/data_faces/676_0.jpg,676_0.jpg,Angelina Jolie
data/data_faces/677_0.jpg,677_0.jpg,Angelina Jolie
data/data_faces/678_0.jpg,678_0.jpg,Angelina Jolie
data/data_faces/679_0.jpg,679_0.jpg,Angelina Jolie
data/data_faces/680_0.jpg,680_0.jpg,Angelina Jolie
data/data_faces/681_0.jpg,681_0.jpg,Angelina Jolie
data/data_faces/682_0.jpg,682_0.jpg,Angelina Jolie
data/data_faces/683_0.jpg,683_0.jpg,Angelina Jolie
data/data_faces/684_0.jpg,684_0.jpg,Angelina Jolie
data/data_faces/685_0.jpg,685_0.jpg,Angelina Jolie
data/data_faces/686_0.jpg,686_0.jpg,Angelina Jolie
data/data_faces/687_0.jpg,687_0.jpg,Angelina Jolie
data/data_faces/688_0.jpg,688_0.jpg,Angelina Jolie
data/data_faces/689_0.jpg,689_0.jpg,Angelina Jolie
data/data_faces/690_0.jpg,690_0.jpg,Angelina Jolie
data/data_faces/691_0.jpg,691_0.jpg,Angelina Jolie
data/data_faces/692_0.jpg,692_0.jpg,Angelina Jolie
data/data_faces/693_0.jpg,693_0.jpg,Angelina Jolie
data/data_faces/694_0.jpg,694_0.jpg,Angelina Jolie
data/data_faces/695_0.jpg,695_0.jpg,Angelina Jolie
data/data_faces/696_0.jpg,696_0.jpg,Angelina Jolie
data/data_faces/697_0.jpg,697_0.jpg,Angelina Jolie
data/data_faces/698_0.jpg,698_0.jpg,Angelina Jolie
data/data_faces/699_0.jpg,699_0.jpg,Angelina Jolie
data/data_faces/700_0.jpg,700_0.jpg,Johnny Depp
data/data_faces/701_0.jpg,701_0.jpg,Johnny Depp
data/data_faces/703_0.jpg,703_0.jpg,Johnny Depp
data/data_faces/704_0.jpg,704_0.jpg,Johnny Depp
data/data_faces/705_0.jpg,705_0.jpg,Johnny Depp
data/data_faces/707_0.jpg,707_0.jpg,Johnny Depp
data/data_faces/708_0.jpg,708_0.jpg,Johnny Depp
data/data_faces/709_0.jpg,709_0.jpg,Johnny Depp
data/data_faces/710_0.jpg,710_0.jpg,Johnny Depp
data/data_faces/711_0.jpg,711_0.jpg,Johnny Depp
data/data_faces/712_0.jpg,712_0.jpg,Johnny Depp
data/data_faces/713_0.jpg,713_0.jpg,Johnny Depp
data/data_faces/714_0.jpg,714_0.jpg,Johnny Depp
data/data_faces/715_0.jpg,715_0.jpg,Johnny Depp
data/data_faces/716_0.jpg,716_0.jpg,Johnny Depp
data/data_faces/717_0.jpg,717_0.jpg,Johnny Depp
data/data_faces/718_0.jpg,718_0.jpg,Johnny Depp
data/data_faces/719_0.jpg,719_0.jpg,Johnny Depp
data/data_faces/720_0.jpg,720_0.jpg,Johnny Depp
data/data_faces/721_0.jpg,721_0.jpg,Johnny Depp
data/data_faces/722_0.jpg,722_0.jpg,Johnny Depp
data/data_faces/723_0.jpg,723_0.jpg,Johnny Depp
data/data_faces/724_0.jpg,724_0.jpg,Johnny Depp
data/data_faces/725_0.jpg,725_0.jpg,Johnny Depp
data/data_faces/726_0.jpg,726_0.jpg,Johnny Depp
data/data_faces/727_0.jpg,727_0.jpg,Johnny Depp
data/data_faces/728_0.jpg,728_0.jpg,Johnny Depp
data/data_faces/729_0.jpg,729_0.jpg,Johnny Depp
data/data_faces/730_0.jpg,730_0.jpg,Johnny Depp
data/data_faces/731_0.jpg,731_0.jpg,Johnny Depp
data/data_faces/732_0.jpg,732_0.jpg,Johnny Depp
data/data_faces/733_0.jpg,733_0.jpg,Johnny Depp
data/data_faces/734_0.jpg,734_0.jpg,Johnny Depp
data/data_faces/735_0.jpg,735_0.jpg,Johnny Depp
data/data_faces/736_0.jpg,736_0.jpg,Johnny Depp
data/data_faces/737_0.jpg,737_0.jpg,Johnny Depp
data/data_faces/738_0.jpg,738_0.jpg,Johnny Depp
data/data_faces/739_0.jpg,739_0.jpg,Johnny Depp
data/data_faces/740_0.jpg,740_0.jpg,Johnny Depp
data/data_faces/741_0.jpg,741_0.jpg,Johnny Depp
data/data_faces/742_0.jpg,742_0.jpg,Johnny Depp
data/data_faces/743_0.jpg,743_0.jpg,Johnny Depp
data/data_faces/744_0.jpg,744_0.jpg,Johnny Depp
data/data_faces/745_0.jpg,745_0.jpg,Johnny Depp
data/data_faces/746_0.jpg,746_0.jpg,Johnny Depp
data/data_faces/747_0.jpg,747_0.jpg,Johnny Depp
data/data_faces/748_0.jpg,748_0.jpg,Johnny Depp
data/data_faces/749_0.jpg,749_0.jpg,Johnny Depp
data/data_faces/750_0.jpg,750_0.jpg,Johnny Depp
data/data_faces/751_0.jpg,751_0.jpg,Johnny Depp
data/data_faces/752_0.jpg,752_0.jpg,Johnny Depp
data/data_faces/753_0.jpg,753_0.jpg,Johnny Depp
data/data_faces/754_0.jpg,754_0.jpg,Johnny Depp
data/data_faces/755_0.jpg,755_0.jpg,Johnny Depp
data/data_faces/756_0.jpg,756_0.jpg,Johnny Depp
data/data_faces/757_0.jpg,757_0.jpg,Johnny Depp
data/data_faces/758_0.jpg,758_0.jpg,Johnny Depp
data/data_faces/759_0.jpg,759_0.jpg,Johnny Depp
data/data_faces/760_0.jpg,760_0.jpg,Johnny Depp
data/data_faces/761_0.jpg,761_0.jpg,Johnny Depp
data/data_faces/762_0.jpg,762_0.jpg,Johnny Depp
data/data_faces/763_0.jpg,763_0.jpg,Johnny Depp
data/data_faces/764_0.jpg,764_0.jpg,Johnny Depp
data/data_faces/765_0.jpg,765_0.jpg,Johnny Depp
data/data_faces/766_0.jpg,766_0.jpg,Johnny Depp
data/data_faces/767_0.jpg,767_0.jpg,Johnny Depp
data/data_faces/768_0.jpg,768_0.jpg,Johnny Depp
data/data_faces/769_0.jpg,769_0.jpg,Johnny Depp
data/data_faces/770_0.jpg,770_0.jpg,Johnny Depp
data/data_faces/771_0.jpg,771_0.jpg,Johnny Depp
data/data_faces/772_0.jpg,772_0.jpg,Johnny Depp
data/data_faces/773_0.jpg,773_0.jpg,Johnny Depp
data/data_faces/774_0.jpg,774_0.jpg,Johnny Depp
data/data_faces/775_0.jpg,775_0.jpg,Johnny Depp
data/data_faces/776_0.jpg,776_0.jpg,Johnny Depp
data/data_faces/777_0.jpg,777_0.jpg,Johnny Depp
data/data_faces/778_0.jpg,778_0.jpg,Johnny Depp
data/data_faces/779_0.jpg,779_0.jpg,Johnny Depp
data/data_faces/780_0.jpg,780_0.jpg,Johnny Depp
data/data_faces/781_0.jpg,781_0.jpg,Johnny Depp
data/data_faces/782_0.jpg,782_0.jpg,Johnny Depp
data/data_faces/783_0.jpg,783_0.jpg,Johnny Depp
data/data_faces/784_0.jpg,784_0.jpg,Johnny Depp
data/data_faces/785_0.jpg,785_0.jpg,Johnny Depp
data/data_faces/787_0.jpg,787_0.jpg,Johnny Depp
data/data_faces/788_0.jpg,788_0.jpg,Johnny Depp
data/data_faces/789_0.jpg,789_0.jpg,Johnny Depp
data/data_faces/790_0.jpg,790_0.jpg,Johnny Depp
data/data_faces/791_0.jpg,791_0.jpg,Johnny Depp
data/data_faces/792_0.jpg,792_0.jpg,Johnny Depp
data/data_faces/793_0.jpg,793_0.jpg,Johnny Depp
data/data_faces/794_0.jpg,794_0.jpg,Johnny Depp
data/data_faces/795_0.jpg,795_0.jpg,Johnny Depp
data/data_faces/796_0.jpg,796_0.jpg,Johnny Depp
data/data_faces/797_0.jpg,797_0.jpg,Johnny Depp
data/data_faces/798_0.jpg,798_0.jpg,Johnny Depp
data/data_faces/799_0.jpg,799_0.jpg,Johnny Depp
data/data_faces/800_0.jpg,800_0.jpg,Tom Hanks
data/data_faces/801_0.jpg,801_0.jpg,Tom Hanks
data/data_faces/802_0.jpg,802_0.jpg,Tom Hanks
data/data_faces/803_0.jpg,803_0.jpg,Tom Hanks
data/data_faces/804_0.jpg,804_0.jpg,Tom Hanks
data/data_faces/805_0.jpg,805_0.jpg,Tom Hanks
data/data_faces/806_0.jpg,806_0.jpg,Tom Hanks
data/data_faces/807_0.jpg,807_0.jpg,Tom Hanks
data/data_faces/808_0.jpg,808_0.jpg,Tom Hanks
data/data_faces/809_0.jpg,809_0.jpg,Tom Hanks
data/data_faces/810_0.jpg,810_0.jpg,Tom Hanks
data/data_faces/811_0.jpg,811_0.jpg,Tom Hanks
data/data_faces/812_0.jpg,812_0.jpg,Tom Hanks
data/data_faces/813_0.jpg,813_0.jpg,Tom Hanks
data/data_faces/814_0.jpg,814_0.jpg,Tom Hanks
data/data_faces/815_0.jpg,815_0.jpg,Tom Hanks
data/data_faces/816_0.jpg,816_0.jpg,Tom Hanks
data/data_faces/817_0.jpg,817_0.jpg,Tom Hanks
data/data_faces/818_0.jpg,818_0.jpg,Tom Hanks
data/data_faces/819_0.jpg,819_0.jpg,Tom Hanks
data/data_faces/820_0.jpg,820_0.jpg,Tom Hanks
data/data_faces/821_0.jpg,821_0.jpg,Tom Hanks
data/data_faces/822_0.jpg,822_0.jpg,Tom Hanks
data/data_faces/823_0.jpg,823_0.jpg,Tom Hanks
data/data_faces/824_0.jpg,824_0.jpg,Tom Hanks
data/data_faces/825_0.jpg,825_0.jpg,Tom Hanks
data/data_faces/826_0.jpg,826_0.jpg,Tom Hanks
data/data_faces/827_0.jpg,827_0.jpg,Tom Hanks
data/data_faces/828_0.jpg,828_0.jpg,Tom Hanks
data/data_faces/829_0.jpg,829_0.jpg,Tom Hanks
data/data_faces/830_0.jpg,830_0.jpg,Tom Hanks
data/data_faces/831_0.jpg,831_0.jpg,Tom Hanks
data/data_faces/832_0.jpg,832_0.jpg,Tom Hanks
data/data_faces/833_0.jpg,833_0.jpg,Tom Hanks
data/data_faces/834_0.jpg,834_0.jpg,Tom Hanks
data/data_faces/835_0.jpg,835_0.jpg,Tom Hanks
data/data_faces/836_0.jpg,836_0.jpg,Tom Hanks
data/data_faces/837_0.jpg,837_0.jpg,Tom Hanks
data/data_faces/838_0.jpg,838_0.jpg,Tom Hanks
data/data_faces/839_0.jpg,839_0.jpg,Tom Hanks
data/data_faces/840_0.jpg,840_0.jpg,Tom Hanks
data/data_faces/841_0.jpg,841_0.jpg,Tom Hanks
data/data_faces/842_0.jpg,842_0.jpg,Tom Hanks
data/data_faces/843_0.jpg,843_0.jpg,Tom Hanks
data/data_faces/844_0.jpg,844_0.jpg,Tom Hanks
data/data_faces/845_0.jpg,845_0.jpg,Tom Hanks
data/data_faces/846_0.jpg,846_0.jpg,Tom Hanks
data/data_faces/847_0.jpg,847_0.jpg,Tom Hanks
data/data_faces/848_0.jpg,848_0.jpg,Tom Hanks
data/data_faces/849_0.jpg,849_0.jpg,Tom Hanks
data/data_faces/850_0.jpg,850_0.jpg,Tom Hanks
data/data_faces/851_0.jpg,851_0.jpg,Tom Hanks
data/data_faces/852_0.jpg,852_0.jpg,Tom Hanks
data/data_faces/853_0.jpg,853_0.jpg,Tom Hanks
data/data_faces/854_0.jpg,854_0.jpg,Tom Hanks
data/data_faces/856_0.jpg,856_0.jpg,Tom Hanks
data/data_faces/857_0.jpg,857_0.jpg,Tom Hanks
data/data_faces/858_0.jpg,858_0.jpg,Tom Hanks
data/data_faces/859_0.jpg,859_0.jpg,Tom Hanks
data/data_faces/860_0.jpg,860_0.jpg,Tom Hanks
data/data_faces/861_0.jpg,861_0.jpg,Tom Hanks
data/data_faces/862_0.jpg,862_0.jpg,Tom Hanks
data/data_faces/863_0.jpg,863_0.jpg,Tom Hanks
data/data_faces/864_0.jpg,864_0.jpg,Tom Hanks
data/data_faces/865_0.jpg,865_0.jpg,Tom Hanks
data/data_faces/866_0.jpg,866_0.jpg,Tom Hanks
data/data_faces/867_0.jpg,867_0.jpg,Tom Hanks
data/data_faces/868_0.jpg,868_0.jpg,Tom Hanks
data/data_faces/869_0.jpg,869_0.jpg,Tom Hanks
data/data_faces/870_0.jpg,870_0.jpg,Tom Hanks
data/data_faces/871_0.jpg,871_0.jpg,Tom Hanks
data/data_faces/872_0.jpg,872_0.jpg,Tom Hanks
data/data_faces/873_0.jpg,873_0.jpg,Tom Hanks
data/data_faces/874_0.jpg,874_0.jpg,Tom Hanks
data/data_faces/875_0.jpg,875_0.jpg,Tom Hanks
data/data_faces/876_0.jpg,876_0.jpg,Tom Hanks
data/data_faces/877_0.jpg,877_0.jpg,Tom Hanks
data/data_faces/878_0.jpg,878_0.jpg,Tom Hanks
data/data_faces/879_0.jpg,879_0.jpg,Tom Hanks
data/data_faces/880_0.jpg,880_0.jpg,Tom Hanks
data/data_faces/881_0.jpg,881_0.jpg,Tom Hanks
data/data_faces/882_0.jpg,882_0.jpg,Tom Hanks
data/data_faces/883_0.jpg,883_0.jpg,Tom Hanks
data/data_faces/884_0.jpg,884_0.jpg,Tom Hanks
data/data_faces/885_0.jpg,885_0.jpg,Tom Hanks
data/data_faces/886_0.jpg,886_0.jpg,Tom Hanks
data/data_faces/887_0.jpg,887_0.jpg,Tom Hanks
data/data_faces/888_0.jpg,888_0.jpg,Tom Hanks
data/data_faces/889_0.jpg,889_0.jpg,Tom Hanks
data/data_faces/890_0.jpg,890_0.jpg,Tom Hanks
data/data_faces/891_0.jpg,891_0.jpg,Tom Hanks
data/data_faces/892_0.jpg,892_0.jpg,Tom Hanks
data/data_faces/893_0.jpg,893_0.jpg,Tom Hanks
data/data_faces/894_0.jpg,894_0.jpg,Tom Hanks
data/data_faces/895_0.jpg,895_0.jpg,Tom Hanks
data/data_faces/896_0.jpg,896_0.jpg,Tom Hanks
data/data_faces/897_0.jpg,897_0.jpg,Tom Hanks
data/data_faces/898_0.jpg,898_0.jpg,Tom Hanks
data/data_faces/899_0.jpg,899_0.jpg,Tom Hanks
data/data_faces/901_0.jpg,901_0.jpg,Denzel Washington
data/data_faces/902_0.jpg,902_0.jpg,Denzel Washington
data/data_faces/903_0.jpg,903_0.jpg,Denzel Washington
data/data_faces/904_0.jpg,904_0.jpg,Denzel Washington
data/data_faces/905_0.jpg,905_0.jpg,Denzel Washington
data/data_faces/906_0.jpg,906_0.jpg,Denzel Washington
data/data_faces/907_0.jpg,907_0.jpg,Denzel Washington
data/data_faces/908_0.jpg,908_0.jpg,Denzel Washington
data/data_faces/909_0.jpg,909_0.jpg,Denzel Washington
data/data_faces/910_0.jpg,910_0.jpg,Denzel Washington
data/data_faces/911_0.jpg,911_0.jpg,Denzel Washington
data/data_faces/912_0.jpg,912_0.jpg,Denzel Washington
data/data_faces/913_0.jpg,913_0.jpg,Denzel Washington
data/data_faces/914_0.jpg,914_0.jpg,Denzel Washington
data/data_faces/915_0.jpg,915_0.jpg,Denzel Washington
data/data_faces/916_0.jpg,916_0.jpg,Denzel Washington
data/data_faces/917_0.jpg,917_0.jpg,Denzel Washington
data/data_faces/918_0.jpg,918_0.jpg,Denzel Washington
data/data_faces/919_0.jpg,919_0.jpg,Denzel Washington
data/data_faces/920_0.jpg,920_0.jpg,Denzel Washington
data/data_faces/921_0.jpg,921_0.jpg,Denzel Washington
data/data_faces/922_0.jpg,922_0.jpg,Denzel Washington
data/data_faces/923_0.jpg,923_0.jpg,Denzel Washington
data/data_faces/924_0.jpg,924_0.jpg,Denzel Washington
data/data_faces/925_0.jpg,925_0.jpg,Denzel Washington
data/data_faces/926_0.jpg,926_0.jpg,Denzel Washington
data/data_faces/927_0.jpg,927_0.jpg,Denzel Washington
data/data_faces/928_0.jpg,928_0.jpg,Denzel Washington
data/data_faces/929_0.jpg,929_0.jpg,Denzel Washington
data/data_faces/930_0.jpg,930_0.jpg,Denzel Washington
data/data_faces/931_0.jpg,931_0.jpg,Denzel Washington
data/data_faces/932_0.jpg,932_0.jpg,Denzel Washington
data/data_faces/933_0.jpg,933_0.jpg,Denzel Washington
data/data_faces/934_0.jpg,934_0.jpg,Denzel Washington
data/data_faces/935_0.jpg,935_0.jpg,Denzel Washington
data/data_faces/936_0.jpg,936_0.jpg,Denzel Washington
data/data_faces/937_0.jpg,937_0.jpg,Denzel Washington
data/data_faces/938_0.jpg,938_0.jpg,Denzel Washington
data/data_faces/938_1.jpg,938_1.jpg,Denzel Washington
data/data_faces/939_0.jpg,939_0.jpg,Denzel Washington
data/data_faces/940_0.jpg,940_0.jpg,Denzel Washington
data/data_faces/941_0.jpg,941_0.jpg,Denzel Washington
data/data_faces/942_0.jpg,942_0.jpg,Denzel Washington
data/data_faces/943_0.jpg,943_0.jpg,Denzel Washington
data/data_faces/944_0.jpg,944_0.jpg,Denzel Washington
data/data_faces/945_0.jpg,945_0.jpg,Denzel Washington
data/data_faces/946_0.jpg,946_0.jpg,Denzel Washington
data/data_faces/947_0.jpg,947_0.jpg,Denzel Washington
data/data_faces/948_0.jpg,948_0.jpg,Denzel Washington
data/data_faces/950_0.jpg,950_0.jpg,Denzel Washington
data/data_faces/951_0.jpg,951_0.jpg,Denzel Washington
data/data_faces/952_0.jpg,952_0.jpg,Denzel Washington
data/data_faces/953_0.jpg,953_0.jpg,Denzel Washington
data/data_faces/954_0.jpg,954_0.jpg,Denzel Washington
data/data_faces/955_0.jpg,955_0.jpg,Denzel Washington
data/data_faces/956_0.jpg,956_0.jpg,Denzel Washington
data/data_faces/957_0.jpg,957_0.jpg,Denzel Washington
data/data_faces/958_0.jpg,958_0.jpg,Denzel Washington
data/data_faces/959_0.jpg,959_0.jpg,Denzel Washington
data/data_faces/960_0.jpg,960_0.jpg,Denzel Washington
data/data_faces/961_0.jpg,961_0.jpg,Denzel Washington
data/data_faces/962_0.jpg,962_0.jpg,Denzel Washington
data/data_faces/963_0.jpg,963_0.jpg,Denzel Washington
data/data_faces/964_0.jpg,964_0.jpg,Denzel Washington
data/data_faces/965_0.jpg,965_0.jpg,Denzel Washington
data/data_faces/966_0.jpg,966_0.jpg,Denzel Washington
data/data_faces/967_0.jpg,967_0.jpg,Denzel Washington
data/data_faces/968_0.jpg,968_0.jpg,Denzel Washington
data/data_faces/969_0.jpg,969_0.jpg,Denzel Washington
data/data_faces/970_0.jpg,970_0.jpg,Denzel Washington
data/data_faces/971_0.jpg,971_0.jpg,Denzel Washington
data/data_faces/972_0.jpg,972_0.jpg,Denzel Washington
data/data_faces/973_0.jpg,973_0.jpg,Denzel Washington
data/data_faces/975_0.jpg,975_0.jpg,Denzel Washington
data/data_faces/976_0.jpg,976_0.jpg,Denzel Washington
data/data_faces/977_0.jpg,977_0.jpg,Denzel Washington
data/data_faces/978_0.jpg,978_0.jpg,Denzel Washington
data/data_faces/979_0.jpg,979_0.jpg,Denzel Washington
data/data_faces/980_0.jpg,980_0.jpg,Denzel Washington
data/data_faces/981_0.jpg,981_0.jpg,Denzel Washington
data/data_faces/982_0.jpg,982_0.jpg,Denzel Washington
data/data_faces/984_0.jpg,984_0.jpg,Denzel Washington
data/data_faces/985_0.jpg,985_0.jpg,Denzel Washington
data/data_faces/986_0.jpg,986_0.jpg,Denzel Washington
data/data_faces/987_0.jpg,987_0.jpg,Denzel Washington
data/data_faces/988_0.jpg,988_0.jpg,Denzel Washington
data/data_faces/989_0.jpg,989_0.jpg,Denzel Washington
data/data_faces/990_0.jpg,990_0.jpg,Denzel Washington
data/data_faces/991_0.jpg,991_0.jpg,Denzel Washington
data/data_faces/992_0.jpg,992_0.jpg,Denzel Washington
data/data_faces/993_0.jpg,993_0.jpg,Denzel Washington
data/data_faces/994_0.jpg,994_0.jpg,Denzel Washington
data/data_faces/995_0.jpg,995_0.jpg,Denzel Washington
data/data_faces/996_0.jpg,996_0.jpg,Denzel Washington
data/data_faces/997_0.jpg,997_0.jpg,Denzel Washington
data/data_faces/998_0.jpg,998_0.jpg,Denzel Washington
data/data_faces/999_0.jpg,999_0.jpg,Denzel Washington
data/data_faces/1000_0.jpg,1000_0.jpg,Kate Winslet
data/data_faces/1001_0.jpg,1001_0.jpg,Kate Winslet
data/data_faces/1002_0.jpg,1002_0.jpg,Kate Winslet
data/data_faces/1003_0.jpg,1003_0.jpg,Kate Winslet
data/data_faces/1004_0.jpg,1004_0.jpg,Kate Winslet
data/data_faces/1005_0.jpg,1005_0.jpg,Kate Winslet
data/data_faces/1006_0.jpg,1006_0.jpg,Kate Winslet
data/data_faces/1006_1.jpg,1006_1.jpg,Kate Winslet
data/data_faces/1007_0.jpg,1007_0.jpg,Kate Winslet
data/data_faces/1008_0.jpg,1008_0.jpg,Kate Winslet
data/data_faces/1009_0.jpg,1009_0.jpg,Kate Winslet
data/data_faces/1010_0.jpg,1010_0.jpg,Kate Winslet
data/data_faces/1011_0.jpg,1011_0.jpg,Kate Winslet
data/data_faces/1012_0.jpg,1012_0.jpg,Kate Winslet
data/data_faces/1013_0.jpg,1013_0.jpg,Kate Winslet
data/data_faces/1014_0.jpg,1014_0.jpg,Kate Winslet
data/data_faces/1015_0.jpg,1015_0.jpg,Kate Winslet
data/data_faces/1016_0.jpg,1016_0.jpg,Kate Winslet
data/data_faces/1017_0.jpg,1017_0.jpg,Kate Winslet
data/data_faces/1018_0.jpg,1018_0.jpg,Kate Winslet
data/data_faces/1019_0.jpg,1019_0.jpg,Kate Winslet
data/data_faces/1020_0.jpg,1020_0.jpg,Kate Winslet
data/data_faces/1021_0.jpg,1021_0.jpg,Kate Winslet
data/data_faces/1022_0.jpg,1022_0.jpg,Kate Winslet
data/data_faces/1023_0.jpg,1023_0.jpg,Kate Winslet
data/data_faces/1024_0.jpg,1024_0.jpg,Kate Winslet
data/data_faces/1025_0.jpg,1025_0.jpg,Kate Winslet
data/data_faces/1026_0.jpg,1026_0.jpg,Kate Winslet
data/data_faces/1027_0.jpg,1027_0.jpg,Kate Winslet
data/data_faces/1028_0.jpg,1028_0.jpg,Kate Winslet
data/data_faces/1029_0.jpg,1029_0.jpg,Kate Winslet
data/data_faces/1030_0.jpg,1030_0.jpg,Kate Winslet
data/data_faces/1031_0.jpg,1031_0.jpg,Kate Winslet
data/data_faces/1032_0.jpg,1032_0.jpg,Kate Winslet
data/data_faces/1033_0.jpg,1033_0.jpg,Kate Winslet
data/data_faces/1033_1.jpg,1033_1.jpg,Kate Winslet
data/data_faces/1034_0.jpg,1034_0.jpg,Kate Winslet
data/data_faces/1035_0.jpg,1035_0.jpg,Kate Winslet
data/data_faces/1036_0.jpg,1036_0.jpg,Kate Winslet
data/data_faces/1037_0.jpg,1037_0.jpg,Kate Winslet
data/data_faces/1038_0.jpg,1038_0.jpg,Kate Winslet
data/data_faces/1039_0.jpg,1039_0.jpg,Kate Winslet
data/data_faces/1040_0.jpg,1040_0.jpg,Kate Winslet
data/data_faces/1041_0.jpg,1041_0.jpg,Kate Winslet
data/data_faces/1042_0.jpg,1042_0.jpg,Kate Winslet
data/data_faces/1043_0.jpg,1043_0.jpg,Kate Winslet
data/data_faces/1044_0.jpg,1044_0.jpg,Kate Winslet
data/data_faces/1045_0.jpg,1045_0.jpg,Kate Winslet
data/data_faces/1046_0.jpg,1046_0.jpg,Kate Winslet
data/data_faces/1047_0.jpg,1047_0.jpg,Kate Winslet
data/data_faces/1048_0.jpg,1048_0.jpg,Kate Winslet
data/data_faces/1049_0.jpg,1049_0.jpg,Kate Winslet
data/data_faces/1050_0.jpg,1050_0.jpg,Kate Winslet
data/data_faces/1051_0.jpg,1051_0.jpg,Kate Winslet
data/data_faces/1052_0.jpg,1052_0.jpg,Kate Winslet
data/data_faces/1053_0.jpg,1053_0.jpg,Kate Winslet
data/data_faces/1054_0.jpg,1054_0.jpg,Kate Winslet
data/data_faces/1055_0.jpg,1055_0.jpg,Kate Winslet
data/data_faces/1056_0.jpg,1056_0.jpg,Kate Winslet
data/data_faces/1057_0.jpg,1057_0.jpg,Kate Winslet
data/data_faces/1058_0.jpg,1058_0.jpg,Kate Winslet
data/data_faces/1059_0.jpg,1059_0.jpg,Kate Winslet
data/data_faces/1060_0.jpg,1060_0.jpg,Kate Winslet
data/data_faces/1061_0.jpg,1061_0.jpg,Kate Winslet
data/data_faces/1062_0.jpg,1062_0.jpg,Kate Winslet
data/data_faces/1064_0.jpg,1064_0.jpg,Kate Winslet
data/data_faces/1065_0.jpg,1065_0.jpg,Kate Winslet
data/data_faces/1067_0.jpg,1067_0.jpg,Kate Winslet
data/data_faces/1068_0.jpg,1068_0.jpg,Kate Winslet
data/data_faces/1069_0.jpg,1069_0.jpg,Kate Winslet
data/data_faces/1070_0.jpg,1070_0.jpg,Kate Winslet
data/data_faces/1071_0.jpg,1071_0.jpg,Kate Winslet
data/data_faces/1072_0.jpg,1072_0.jpg,Kate Winslet
data/data_faces/1073_0.jpg,1073_0.jpg,Kate Winslet
data/data_faces/1074_0.jpg,1074_0.jpg,Kate Winslet
data/data_faces/1075_0.jpg,1075_0.jpg,Kate Winslet
data/data_faces/1076_0.jpg,1076_0.jpg,Kate Winslet
data/data_faces/1077_0.jpg,1077_0.jpg,Kate Winslet
data/data_faces/1078_0.jpg,1078_0.jpg,Kate Winslet
data/data_faces/1079_0.jpg,1079_0.jpg,Kate Winslet
data/data_faces/1080_0.jpg,1080_0.jpg,Kate Winslet
data/data_faces/1081_0.jpg,1081_0.jpg,Kate Winslet
data/data_faces/1082_0.jpg,1082_0.jpg,Kate Winslet
data/data_faces/1083_0.jpg,1083_0.jpg,Kate Winslet
data/data_faces/1084_0.jpg,1084_0.jpg,Kate Winslet
data/data_faces/1085_0.jpg,1085_0.jpg,Kate Winslet
data/data_faces/1086_0.jpg,1086_0.jpg,Kate Winslet
data/data_faces/1087_0.jpg,1087_0.jpg,Kate Winslet
data/data_faces/1088_0.jpg,1088_0.jpg,Kate Winslet
data/data_faces/1089_0.jpg,1089_0.jpg,Kate Winslet
data/data_faces/1090_0.jpg,1090_0.jpg,Kate Winslet
data/data_faces/1091_0.jpg,1091_0.jpg,Kate Winslet
data/data_faces/1092_0.jpg,1092_0.jpg,Kate Winslet
data/data_faces/1093_0.jpg,1093_0.jpg,Kate Winslet
data/data_faces/1094_0.jpg,1094_0.jpg,Kate Winslet
data/data_faces/1095_0.jpg,1095_0.jpg,Kate Winslet
data/data_faces/1096_0.jpg,1096_0.jpg,Kate Winslet
data/data_faces/1097_0.jpg,1097_0.jpg,Kate Winslet
data/data_faces/1098_0.jpg,1098_0.jpg,Kate Winslet
data/data_faces/1099_0.jpg,1099_0.jpg,Kate Winslet
data/data_faces/1100_0.jpg,1100_0.jpg,Scarlett Johansson
data/data_faces/1101_0.jpg,1101_0.jpg,Scarlett Johansson
data/data_faces/1102_0.jpg,1102_0.jpg,Scarlett Johansson
data/data_faces/1103_0.jpg,1103_0.jpg,Scarlett Johansson
data/data_faces/1104_0.jpg,1104_0.jpg,Scarlett Johansson
data/data_faces/1105_0.jpg,1105_0.jpg,Scarlett Johansson
data/data_faces/1106_0.jpg,1106_0.jpg,Scarlett Johansson
data/data_faces/1106_1.jpg,1106_1.jpg,Scarlett Johansson
data/data_faces/1107_0.jpg,1107_0.jpg,Scarlett Johansson
data/data_faces/1108_0.jpg,1108_0.jpg,Scarlett Johansson
data/data_faces/1109_0.jpg,1109_0.jpg,Scarlett Johansson
data/data_faces/1110_0.jpg,1110_0.jpg,Scarlett Johansson
data/data_faces/1111_0.jpg,1111_0.jpg,Scarlett Johansson
data/data_faces/1112_0.jpg,1112_0.jpg,Scarlett Johansson
data/data_faces/1113_0.jpg,1113_0.jpg,Scarlett Johansson
data/data_faces/1114_0.jpg,1114_0.jpg,Scarlett Johansson
data/data_faces/1115_0.jpg,1115_0.jpg,Scarlett Johansson
data/data_faces/1116_0.jpg,1116_0.jpg,Scarlett Johansson
data/data_faces/1117_0.jpg,1117_0.jpg,Scarlett Johansson
data/data_faces/1118_0.jpg,1118_0.jpg,Scarlett Johansson
data/data_faces/1119_0.jpg,1119_0.jpg,Scarlett Johansson
data/data_faces/1120_0.jpg,1120_0.jpg,Scarlett Johansson
data/data_faces/1121_0.jpg,1121_0.jpg,Scarlett Johansson
data/data_faces/1122_0.jpg,1122_0.jpg,Scarlett Johansson
data/data_faces/1123_0.jpg,1123_0.jpg,Scarlett Johansson
data/data_faces/1124_0.jpg,1124_0.jpg,Scarlett Johansson
data/data_faces/1125_0.jpg,1125_0.jpg,Scarlett Johansson
data/data_faces/1126_0.jpg,1126_0.jpg,Scarlett Johansson
data/data_faces/1127_0.jpg,1127_0.jpg,Scarlett Johansson
data/data_faces/1128_0.jpg,1128_0.jpg,Scarlett Johansson
data/data_faces/1129_0.jpg,1129_0.jpg,Scarlett Johansson
data/data_faces/1130_0.jpg,1130_0.jpg,Scarlett Johansson
data/data_faces/1131_0.jpg,1131_0.jpg,Scarlett Johansson
data/data_faces/1132_0.jpg,1132_0.jpg,Scarlett Johansson
data/data_faces/1133_0.jpg,1133_0.jpg,Scarlett Johansson
data/data_faces/1134_0.jpg,1134_0.jpg,Scarlett Johansson
data/data_faces/1135_0.jpg,1135_0.jpg,Scarlett Johansson
data/data_faces/1136_0.jpg,1136_0.jpg,Scarlett Johansson
data/data_faces/1137_0.jpg,1137_0.jpg,Scarlett Johansson
data/data_faces/1138_0.jpg,1138_0.jpg,Scarlett Johansson
data/data_faces/1139_0.jpg,1139_0.jpg,Scarlett Johansson
data/data_faces/1140_0.jpg,1140_0.jpg,Scarlett Johansson
data/data_faces/1141_0.jpg,1141_0.jpg,Scarlett Johansson
data/data_faces/1142_0.jpg,1142_0.jpg,Scarlett Johansson
data/data_faces/1143_0.jpg,1143_0.jpg,Scarlett Johansson
data/data_faces/1144_0.jpg,1144_0.jpg,Scarlett Johansson
data/data_faces/1145_0.jpg,1145_0.jpg,Scarlett Johansson
data/data_faces/1146_0.jpg,1146_0.jpg,Scarlett Johansson
data/data_faces/1147_0.jpg,1147_0.jpg,Scarlett Johansson
data/data_faces/1148_0.jpg,1148_0.jpg,Scarlett Johansson
data/data_faces/1149_0.jpg,1149_0.jpg,Scarlett Johansson
data/data_faces/1150_0.jpg,1150_0.jpg,Scarlett Johansson
data/data_faces/1151_0.jpg,1151_0.jpg,Scarlett Johansson
data/data_faces/1152_0.jpg,1152_0.jpg,Scarlett Johansson
data/data_faces/1153_0.jpg,1153_0.jpg,Scarlett Johansson
data/data_faces/1154_0.jpg,1154_0.jpg,Scarlett Johansson
data/data_faces/1155_0.jpg,1155_0.jpg,Scarlett Johansson
data/data_faces/1156_0.jpg,1156_0.jpg,Scarlett Johansson
data/data_faces/1157_0.jpg,1157_0.jpg,Scarlett Johansson
data/data_faces/1158_0.jpg,1158_0.jpg,Scarlett Johansson
data/data_faces/1159_0.jpg,1159_0.jpg,Scarlett Johansson
data/data_faces/1160_0.jpg,1160_0.jpg,Scarlett Johansson
data/data_faces/1161_0.jpg,1161_0.jpg,Scarlett Johansson
data/data_faces/1162_0.jpg,1162_0.jpg,Scarlett Johansson
data/data_faces/1163_0.jpg,1163_0.jpg,Scarlett Johansson
data/data_faces/1164_0.jpg,1164_0.jpg,Scarlett Johansson
data/data_faces/1165_0.jpg,1165_0.jpg,Scarlett Johansson
data/data_faces/1166_0.jpg,1166_0.jpg,Scarlett Johansson
data/data_faces/1167_0.jpg,1167_0.jpg,Scarlett Johansson
data/data_faces/1168_0.jpg,1168_0.jpg,Scarlett Johansson
data/data_faces/1169_0.jpg,1169_0.jpg,Scarlett Johansson
data/data_faces/1170_0.jpg,1170_0.jpg,Scarlett Johansson
data/data_faces/1171_0.jpg,1171_0.jpg,Scarlett Johansson
data/data_faces/1172_0.jpg,1172_0.jpg,Scarlett Johansson
data/data_faces/1173_0.jpg,1173_0.jpg,Scarlett Johansson
data/data_faces/1174_0.jpg,1174_0.jpg,Scarlett Johansson
data/data_faces/1175_0.jpg,1175_0.jpg,Scarlett Johansson
data/data_faces/1176_0.jpg,1176_0.jpg,Scarlett Johansson
data/data_faces/1177_0.jpg,1177_0.jpg,Scarlett Johansson
data/data_faces/1178_0.jpg,1178_0.jpg,Scarlett Johansson
data/data_faces/1179_0.jpg,1179_0.jpg,Scarlett Johansson
data/data_faces/1180_0.jpg,1180_0.jpg,Scarlett Johansson
data/data_faces/1181_0.jpg,1181_0.jpg,Scarlett Johansson
data/data_faces/1182_0.jpg,1182_0.jpg,Scarlett Johansson
data/data_faces/1183_0.jpg,1183_0.jpg,Scarlett Johansson
data/data_faces/1184_0.jpg,1184_0.jpg,Scarlett Johansson
data/data_faces/1185_0.jpg,1185_0.jpg,Scarlett Johansson
data/data_faces/1186_0.jpg,1186_0.jpg,Scarlett Johansson
data/data_faces/1187_0.jpg,1187_0.jpg,Scarlett Johansson
data/data_faces/1188_0.jpg,1188_0.jpg,Scarlett Johansson
data/data_faces/1189_0.jpg,1189_0.jpg,Scarlett Johansson
data/data_faces/1190_0.jpg,1190_0.jpg,Scarlett Johansson
data/data_faces/1191_0.jpg,1191_0.jpg,Scarlett Johansson
data/data_faces/1192_0.jpg,1192_0.jpg,Scarlett Johansson
data/data_faces/1193_0.jpg,1193_0.jpg,Scarlett Johansson
data/data_faces/1194_0.jpg,1194_0.jpg,Scarlett Johansson
data/data_faces/1194_1.jpg,1194_1.jpg,Scarlett Johansson
data/data_faces/1195_0.jpg,1195_0.jpg,Scarlett Johansson
data/data_faces/1196_0.jpg,1196_0.jpg,Scarlett Johansson
data/data_faces/1197_0.jpg,1197_0.jpg,Scarlett Johansson
data/data_faces/1198_0.jpg,1198_0.jpg,Scarlett Johansson
data/data_faces/1199_0.jpg,1199_0.jpg,Scarlett Johansson
data/data_faces/1200_0.jpg,1200_0.jpg,Scarlett Johansson
data/data_faces/1201_0.jpg,1201_0.jpg,Scarlett Johansson
data/data_faces/1202_0.jpg,1202_0.jpg,Scarlett Johansson
data/data_faces/1203_0.jpg,1203_0.jpg,Scarlett Johansson
data/data_faces/1204_0.jpg,1204_0.jpg,Scarlett Johansson
data/data_faces/1205_0.jpg,1205_0.jpg,Scarlett Johansson
data/data_faces/1206_0.jpg,1206_0.jpg,Scarlett Johansson
data/data_faces/1207_0.jpg,1207_0.jpg,Scarlett Johansson
data/data_faces/1208_0.jpg,1208_0.jpg,Scarlett Johansson
data/data_faces/1209_0.jpg,1209_0.jpg,Scarlett Johansson
data/data_faces/1209_1.jpg,1209_1.jpg,Scarlett Johansson
data/data_faces/1210_0.jpg,1210_0.jpg,Scarlett Johansson
data/data_faces/1211_0.jpg,1211_0.jpg,Scarlett Johansson
data/data_faces/1212_0.jpg,1212_0.jpg,Scarlett Johansson
data/data_faces/1213_0.jpg,1213_0.jpg,Scarlett Johansson
data/data_faces/1214_0.jpg,1214_0.jpg,Scarlett Johansson
data/data_faces/1215_0.jpg,1215_0.jpg,Scarlett Johansson
data/data_faces/1216_0.jpg,1216_0.jpg,Scarlett Johansson
data/data_faces/1217_0.jpg,1217_0.jpg,Scarlett Johansson
data/data_faces/1218_0.jpg,1218_0.jpg,Scarlett Johansson
data/data_faces/1219_0.jpg,1219_0.jpg,Scarlett Johansson
data/data_faces/1220_0.jpg,1220_0.jpg,Scarlett Johansson
data/data_faces/1221_0.jpg,1221_0.jpg,Scarlett Johansson
data/data_faces/1222_0.jpg,1222_0.jpg,Scarlett Johansson
data/data_faces/1222_1.jpg,1222_1.jpg,Scarlett Johansson
data/data_faces/1223_0.jpg,1223_0.jpg,Scarlett Johansson
data/data_faces/1224_0.jpg,1224_0.jpg,Scarlett Johansson
data/data_faces/1225_0.jpg,1225_0.jpg,Scarlett Johansson
data/data_faces/1226_0.jpg,1226_0.jpg,Scarlett Johansson
data/data_faces/1227_0.jpg,1227_0.jpg,Scarlett Johansson
data/data_faces/1228_0.jpg,1228_0.jpg,Scarlett Johansson
data/data_faces/1229_0.jpg,1229_0.jpg,Scarlett Johansson
data/data_faces/1230_0.jpg,1230_0.jpg,Scarlett Johansson
data/data_faces/1231_0.jpg,1231_0.jpg,Scarlett Johansson
data/data_faces/1232_0.jpg,1232_0.jpg,Scarlett Johansson
data/data_faces/1233_0.jpg,1233_0.jpg,Scarlett Johansson
data/data_faces/1234_0.jpg,1234_0.jpg,Scarlett Johansson
data/data_faces/1235_0.jpg,1235_0.jpg,Scarlett Johansson
data/data_faces/1236_0.jpg,1236_0.jpg,Scarlett Johansson
data/data_faces/1237_0.jpg,1237_0.jpg,Scarlett Johansson
data/data_faces/1239_0.jpg,1239_0.jpg,Scarlett Johansson
data/data_faces/1240_0.jpg,1240_0.jpg,Scarlett Johansson
data/data_faces/1241_0.jpg,1241_0.jpg,Scarlett Johansson
data/data_faces/1242_0.jpg,1242_0.jpg,Scarlett Johansson
data/data_faces/1243_0.jpg,1243_0.jpg,Scarlett Johansson
data/data_faces/1244_0.jpg,1244_0.jpg,Scarlett Johansson
data/data_faces/1245_0.jpg,1245_0.jpg,Scarlett Johansson
data/data_faces/1246_0.jpg,1246_0.jpg,Scarlett Johansson
data/data_faces/1247_0.jpg,1247_0.jpg,Scarlett Johansson
data/data_faces/1248_0.jpg,1248_0.jpg,Scarlett Johansson
data/data_faces/1249_0.jpg,1249_0.jpg,Scarlett Johansson
data/data_faces/1250_0.jpg,1250_0.jpg,Scarlett Johansson
data/data_faces/1251_0.jpg,1251_0.jpg,Scarlett Johansson
data/data_faces/1252_0.jpg,1252_0.jpg,Scarlett Johansson
data/data_faces/1253_0.jpg,1253_0.jpg,Scarlett Johansson
data/data_faces/1254_0.jpg,1254_0.jpg,Scarlett Johansson
data/data_faces/1255_0.jpg,1255_0.jpg,Scarlett Johansson
data/data_faces/1256_0.jpg,1256_0.jpg,Scarlett Johansson
data/data_faces/1257_0.jpg,1257_0.jpg,Scarlett Johansson
data/data_faces/1258_0.jpg,1258_0.jpg,Scarlett Johansson
data/data_faces/1259_0.jpg,1259_0.jpg,Scarlett Johansson
data/data_faces/1260_0.jpg,1260_0.jpg,Scarlett Johansson
data/data_faces/1261_0.jpg,1261_0.jpg,Scarlett Johansson
data/data_faces/1262_0.jpg,1262_0.jpg,Scarlett Johansson
data/data_faces/1263_0.jpg,1263_0.jpg,Scarlett Johansson
data/data_faces/1264_0.jpg,1264_0.jpg,Scarlett Johansson
data/data_faces/1265_0.jpg,1265_0.jpg,Scarlett Johansson
data/data_faces/1266_0.jpg,1266_0.jpg,Scarlett Johansson
data/data_faces/1267_0.jpg,1267_0.jpg,Scarlett Johansson
data/data_faces/1268_0.jpg,1268_0.jpg,Scarlett Johansson
data/data_faces/1269_0.jpg,1269_0.jpg,Scarlett Johansson
data/data_faces/1270_0.jpg,1270_0.jpg,Scarlett Johansson
data/data_faces/1271_0.jpg,1271_0.jpg,Scarlett Johansson
data/data_faces/1272_0.jpg,1272_0.jpg,Scarlett Johansson
data/data_faces/1273_0.jpg,1273_0.jpg,Scarlett Johansson
data/data_faces/1274_0.jpg,1274_0.jpg,Scarlett Johansson
data/data_faces/1275_0.jpg,1275_0.jpg,Scarlett Johansson
data/data_faces/1276_0.jpg,1276_0.jpg,Scarlett Johansson
data/data_faces/1277_0.jpg,1277_0.jpg,Scarlett Johansson
data/data_faces/1278_0.jpg,1278_0.jpg,Scarlett Johansson
data/data_faces/1279_0.jpg,1279_0.jpg,Scarlett Johansson
data/data_faces/1280_0.jpg,1280_0.jpg,Scarlett Johansson
data/data_faces/1281_0.jpg,1281_0.jpg,Scarlett Johansson
data/data_faces/1282_0.jpg,1282_0.jpg,Scarlett Johansson
data/data_faces/1283_0.jpg,1283_0.jpg,Scarlett Johansson
data/data_faces/1284_0.jpg,1284_0.jpg,Scarlett Johansson
data/data_faces/1285_0.jpg,1285_0.jpg,Scarlett Johansson
data/data_faces/1286_0.jpg,1286_0.jpg,Scarlett Johansson
data/data_faces/1286_1.jpg,1286_1.jpg,Scarlett Johansson
data/data_faces/1287_0.jpg,1287_0.jpg,Scarlett Johansson
data/data_faces/1288_0.jpg,1288_0.jpg,Scarlett Johansson
data/data_faces/1289_0.jpg,1289_0.jpg,Scarlett Johansson
data/data_faces/1290_0.jpg,1290_0.jpg,Scarlett Johansson
data/data_faces/1291_0.jpg,1291_0.jpg,Scarlett Johansson
data/data_faces/1292_0.jpg,1292_0.jpg,Scarlett Johansson
data/data_faces/1293_0.jpg,1293_0.jpg,Scarlett Johansson
data/data_faces/1294_0.jpg,1294_0.jpg,Scarlett Johansson
data/data_faces/1295_0.jpg,1295_0.jpg,Scarlett Johansson
data/data_faces/1296_0.jpg,1296_0.jpg,Scarlett Johansson
data/data_faces/1297_0.jpg,1297_0.jpg,Scarlett Johansson
data/data_faces/1298_0.jpg,1298_0.jpg,Scarlett Johansson
data/data_faces/1299_0.jpg,1299_0.jpg,Scarlett Johansson
data/data_faces/1300_0.jpg,1300_0.jpg,Will Smith
data/data_faces/1302_0.jpg,1302_0.jpg,Will Smith
data/data_faces/1303_0.jpg,1303_0.jpg,Will Smith
data/data_faces/1304_0.jpg,1304_0.jpg,Will Smith
data/data_faces/1305_0.jpg,1305_0.jpg,Will Smith
data/data_faces/1306_0.jpg,1306_0.jpg,Will Smith
data/data_faces/1307_0.jpg,1307_0.jpg,Will Smith
data/data_faces/1308_0.jpg,1308_0.jpg,Will Smith
data/data_faces/1310_0.jpg,1310_0.jpg,Will Smith
data/data_faces/1311_0.jpg,1311_0.jpg,Will Smith
data/data_faces/1313_0.jpg,1313_0.jpg,Will Smith
data/data_faces/1314_0.jpg,1314_0.jpg,Will Smith
data/data_faces/1315_0.jpg,1315_0.jpg,Will Smith
data/data_faces/1316_0.jpg,1316_0.jpg,Will Smith
data/data_faces/1317_0.jpg,1317_0.jpg,Will Smith
data/data_faces/1318_0.jpg,1318_0.jpg,Will Smith
data/data_faces/1319_0.jpg,1319_0.jpg,Will Smith
data/data_faces/1320_0.jpg,1320_0.jpg,Will Smith
data/data_faces/1321_0.jpg,1321_0.jpg,Will Smith
data/data_faces/1322_0.jpg,1322_0.jpg,Will Smith
data/data_faces/1323_0.jpg,1323_0.jpg,Will Smith
data/data_faces/1324_0.jpg,1324_0.jpg,Will Smith
data/data_faces/1325_0.jpg,1325_0.jpg,Will Smith
data/data_faces/1326_0.jpg,1326_0.jpg,Will Smith
data/data_faces/1327_0.jpg,1327_0.jpg,Will Smith
data/data_faces/1329_0.jpg,1329_0.jpg,Will Smith
data/data_faces/1330_0.jpg,1330_0.jpg,Will Smith
data/data_faces/1331_0.jpg,1331_0.jpg,Will Smith
data/data_faces/1332_0.jpg,1332_0.jpg,Will Smith
data/data_faces/1334_0.jpg,1334_0.jpg,Will Smith
data/data_faces/1335_0.jpg,1335_0.jpg,Will Smith
data/data_faces/1336_0.jpg,1336_0.jpg,Will Smith
data/data_faces/1337_0.jpg,1337_0.jpg,Will Smith
data/data_faces/1338_0.jpg,1338_0.jpg,Will Smith
data/data_faces/1340_0.jpg,1340_0.jpg,Will Smith
data/data_faces/1341_0.jpg,1341_0.jpg,Will Smith
data/data_faces/1342_0.jpg,1342_0.jpg,Will Smith
data/data_faces/1343_0.jpg,1343_0.jpg,Will Smith
data/data_faces/1344_0.jpg,1344_0.jpg,Will Smith
data/data_faces/1345_0.jpg,1345_0.jpg,Will Smith
data/data_faces/1346_0.jpg,1346_0.jpg,Will Smith
data/data_faces/1347_0.jpg,1347_0.jpg,Will Smith
data/data_faces/1348_0.jpg,1348_0.jpg,Will Smith
data/data_faces/1349_0.jpg,1349_0.jpg,Will Smith
data/data_faces/1350_0.jpg,1350_0.jpg,Will Smith
data/data_faces/1351_0.jpg,1351_0.jpg,Will Smith
data/data_faces/1352_0.jpg,1352_0.jpg,Will Smith
data/data_faces/1353_0.jpg,1353_0.jpg,Will Smith
data/data_faces/1354_0.jpg,1354_0.jpg,Will Smith
data/data_faces/1355_0.jpg,1355_0.jpg,Will Smith
data/data_faces/1356_0.jpg,1356_0.jpg,Will Smith
data/data_faces/1357_0.jpg,1357_0.jpg,Will Smith
data/data_faces/1358_0.jpg,1358_0.jpg,Will Smith
data/data_faces/1359_0.jpg,1359_0.jpg,Will Smith
data/data_faces/1360_0.jpg,1360_0.jpg,Will Smith
data/data_faces/1361_0.jpg,1361_0.jpg,Will Smith
data/data_faces/1362_0.jpg,1362_0.jpg,Will Smith
data/data_faces/1363_0.jpg,1363_0.jpg,Will Smith
data/data_faces/1364_0.jpg,1364_0.jpg,Will Smith
data/data_faces/1365_0.jpg,1365_0.jpg,Will Smith
data/data_faces/1366_0.jpg,1366_0.jpg,Will Smith
data/data_faces/1367_0.jpg,1367_0.jpg,Will Smith
data/data_faces/1368_0.jpg,1368_0.jpg,Will Smith
data/data_faces/1370_0.jpg,1370_0.jpg,Will Smith
data/data_faces/1371_0.jpg,1371_0.jpg,Will Smith
data/data_faces/1372_0.jpg,1372_0.jpg,Will Smith
data/data_faces/1373_0.jpg,1373_0.jpg,Will Smith
data/data_faces/1374_0.jpg,1374_0.jpg,Will Smith
data/data_faces/1375_0.jpg,1375_0.jpg,Will Smith
data/data_faces/1376_0.jpg,1376_0.jpg,Will Smith
data/data_faces/1377_0.jpg,1377_0.jpg,Will Smith
data/data_faces/1378_0.jpg,1378_0.jpg,Will Smith
data/data_faces/1379_0.jpg,1379_0.jpg,Will Smith
data/data_faces/1380_0.jpg,1380_0.jpg,Will Smith
data/data_faces/1381_0.jpg,1381_0.jpg,Will Smith
data/data_faces/1382_0.jpg,1382_0.jpg,Will Smith
data/data_faces/1383_0.jpg,1383_0.jpg,Will Smith
data/data_faces/1384_0.jpg,1384_0.jpg,Will Smith
data/data_faces/1385_0.jpg,1385_0.jpg,Will Smith
data/data_faces/1386_0.jpg,1386_0.jpg,Will Smith
data/data_faces/1387_0.jpg,1387_0.jpg,Will Smith
data/data_faces/1388_0.jpg,1388_0.jpg,Will Smith
data/data_faces/1389_0.jpg,1389_0.jpg,Will Smith
data/data_faces/1390_0.jpg,1390_0.jpg,Will Smith
data/data_faces/1391_0.jpg,1391_0.jpg,Will Smith
data/data_faces/1392_0.jpg,1392_0.jpg,Will Smith
data/data_faces/1393_0.jpg,1393_0.jpg,Will Smith
data/data_faces/1394_0.jpg,1394_0.jpg,Will Smith
data/data_faces/1395_0.jpg,1395_0.jpg,Will Smith
data/data_faces/1396_0.jpg,1396_0.jpg,Will Smith
data/data_faces/1397_0.jpg,1397_0.jpg,Will Smith
data/data_faces/1398_0.jpg,1398_0.jpg,Will Smith
data/data_faces/1399_0.jpg,1399_0.jpg,Will Smith
data/data_faces/1400_0.jpg,1400_0.jpg,Natalie Portman
data/data_faces/1401_0.jpg,1401_0.jpg,Natalie Portman
data/data_faces/1402_0.jpg,1402_0.jpg,Natalie Portman
data/data_faces/1403_0.jpg,1403_0.jpg,Natalie Portman
data/data_faces/1404_0.jpg,1404_0.jpg,Natalie Portman
data/data_faces/1405_0.jpg,1405_0.jpg,Natalie Portman
data/data_faces/1406_0.jpg,1406_0.jpg,Natalie Portman
data/data_faces/1407_0.jpg,1407_0.jpg,Natalie Portman
data/data_faces/1408_0.jpg,1408_0.jpg,Natalie Portman
data/data_faces/1409_0.jpg,1409_0.jpg,Natalie Portman
data/data_faces/1410_0.jpg,1410_0.jpg,Natalie Portman
data/data_faces/1411_0.jpg,1411_0.jpg,Natalie Portman
data/data_faces/1412_0.jpg,1412_0.jpg,Natalie Portman
data/data_faces/1413_0.jpg,1413_0.jpg,Natalie Portman
data/data_faces/1414_0.jpg,1414_0.jpg,Natalie Portman
data/data_faces/1415_0.jpg,1415_0.jpg,Natalie Portman
data/data_faces/1416_0.jpg,1416_0.jpg,Natalie Portman
data/data_faces/1417_0.jpg,1417_0.jpg,Natalie Portman
data/data_faces/1418_0.jpg,1418_0.jpg,Natalie Portman
data/data_faces/1419_0.jpg,1419_0.jpg,Natalie Portman
data/data_faces/1420_0.jpg,1420_0.jpg,Natalie Portman
data/data_faces/1421_0.jpg,1421_0.jpg,Natalie Portman
data/data_faces/1422_0.jpg,1422_0.jpg,Natalie Portman
data/data_faces/1423_0.jpg,1423_0.jpg,Natalie Portman
data/data_faces/1424_0.jpg,1424_0.jpg,Natalie Portman
data/data_faces/1425_0.jpg,1425_0.jpg,Natalie Portman
data/data_faces/1426_0.jpg,1426_0.jpg,Natalie Portman
data/data_faces/1427_0.jpg,1427_0.jpg,Natalie Portman
data/data_faces/1428_0.jpg,1428_0.jpg,Natalie Portman
data/data_faces/1429_0.jpg,1429_0.jpg,Natalie Portman
data/data_faces/1430_0.jpg,1430_0.jpg,Natalie Portman
data/data_faces/1431_0.jpg,1431_0.jpg,Natalie Portman
data/data_faces/1432_0.jpg,1432_0.jpg,Natalie Portman
data/data_faces/1433_0.jpg,1433_0.jpg,Natalie Portman
data/data_faces/1434_0.jpg,1434_0.jpg,Natalie Portman
data/data_faces/1435_0.jpg,1435_0.jpg,Natalie Portman
data/data_faces/1436_0.jpg,1436_0.jpg,Natalie Portman
data/data_faces/1437_0.jpg,1437_0.jpg,Natalie Portman
data/data_faces/1438_0.jpg,1438_0.jpg,Natalie Portman
data/data_faces/1439_0.jpg,1439_0.jpg,Natalie Portman
data/data_faces/1440_0.jpg,1440_0.jpg,Natalie Portman
data/data_faces/1441_0.jpg,1441_0.jpg,Natalie Portman
data/data_faces/1442_0.jpg,1442_0.jpg,Natalie Portman
data/data_faces/1443_0.jpg,1443_0.jpg,Natalie Portman
data/data_faces/1444_0.jpg,1444_0.jpg,Natalie Portman
data/data_faces/1445_0.jpg,1445_0.jpg,Natalie Portman
data/data_faces/1446_0.jpg,1446_0.jpg,Natalie Portman
data/data_faces/1447_0.jpg,1447_0.jpg,Natalie Portman
data/data_faces/1448_0.jpg,1448_0.jpg,Natalie Portman
data/data_faces/1449_0.jpg,1449_0.jpg,Natalie Portman
data/data_faces/1450_0.jpg,1450_0.jpg,Natalie Portman
data/data_faces/1451_0.jpg,1451_0.jpg,Natalie Portman
data/data_faces/1452_0.jpg,1452_0.jpg,Natalie Portman
data/data_faces/1453_0.jpg,1453_0.jpg,Natalie Portman
data/data_faces/1454_0.jpg,1454_0.jpg,Natalie Portman
data/data_faces/1455_0.jpg,1455_0.jpg,Natalie Portman
data/data_faces/1456_0.jpg,1456_0.jpg,Natalie Portman
data/data_faces/1457_0.jpg,1457_0.jpg,Natalie Portman
data/data_faces/1458_0.jpg,1458_0.jpg,Natalie Portman
data/data_faces/1459_0.jpg,1459_0.jpg,Natalie Portman
data/data_faces/1460_0.jpg,1460_0.jpg,Natalie Portman
data/data_faces/1461_0.jpg,1461_0.jpg,Natalie Portman
data/data_faces/1462_0.jpg,1462_0.jpg,Natalie Portman
data/data_faces/1463_0.jpg,1463_0.jpg,Natalie Portman
data/data_faces/1464_0.jpg,1464_0.jpg,Natalie Portman
data/data_faces/1465_0.jpg,1465_0.jpg,Natalie Portman
data/data_faces/1466_0.jpg,1466_0.jpg,Natalie Portman
data/data_faces/1467_0.jpg,1467_0.jpg,Natalie Portman
data/data_faces/1468_0.jpg,1468_0.jpg,Natalie Portman
data/data_faces/1469_0.jpg,1469_0.jpg,Natalie Portman
data/data_faces/1470_0.jpg,1470_0.jpg,Natalie Portman
data/data_faces/1471_0.jpg,1471_0.jpg,Natalie Portman
data/data_faces/1472_0.jpg,1472_0.jpg,Natalie Portman
data/data_faces/1473_0.jpg,1473_0.jpg,Natalie Portman
data/data_faces/1474_0.jpg,1474_0.jpg,Natalie Portman
data/data_faces/1475_0.jpg,1475_0.jpg,Natalie Portman
data/data_faces/1476_0.jpg,1476_0.jpg,Natalie Portman
data/data_faces/1477_0.jpg,1477_0.jpg,Natalie Portman
data/data_faces/1478_0.jpg,1478_0.jpg,Natalie Portman
data/data_faces/1479_0.jpg,1479_0.jpg,Natalie Portman
data/data_faces/1480_0.jpg,1480_0.jpg,Natalie Portman
data/data_faces/1481_0.jpg,1481_0.jpg,Natalie Portman
data/data_faces/1482_0.jpg,1482_0.jpg,Natalie Portman
data/data_faces/1483_0.jpg,1483_0.jpg,Natalie Portman
data/data_faces/1484_0.jpg,1484_0.jpg,Natalie Portman
data/data_faces/1485_0.jpg,1485_0.jpg,Natalie Portman
data/data_faces/1486_0.jpg,1486_0.jpg,Natalie Portman
data/data_faces/1487_0.jpg,1487_0.jpg,Natalie Portman
data/data_faces/1488_0.jpg,1488_0.jpg,Natalie Portman
data/data_faces/1488_1.jpg,1488_1.jpg,Natalie Portman
data/data_faces/1488_2.jpg,1488_2.jpg,Natalie Portman
data/data_faces/1489_0.jpg,1489_0.jpg,Natalie Portman
data/data_faces/1490_0.jpg,1490_0.jpg,Natalie Portman
data/data_faces/1491_0.jpg,1491_0.jpg,Natalie Portman
data/data_faces/1492_0.jpg,1492_0.jpg,Natalie Portman
data/data_faces/1493_0.jpg,1493_0.jpg,Natalie Portman
data/data_faces/1494_0.jpg,1494_0.jpg,Natalie Portman
data/data_faces/1495_0.jpg,1495_0.jpg,Natalie Portman
data/data_faces/1496_0.jpg,1496_0.jpg,Natalie Portman
data/data_faces/1497_0.jpg,1497_0.jpg,Natalie Portman
data/data_faces/1498_0.jpg,1498_0.jpg,Natalie Portman
data/data_faces/1499_0.jpg,1499_0.jpg,Natalie Portman
data/data_faces/1500_0.jpg,1500_0.jpg,Nicole Kidman
data/data_faces/1501_0.jpg,1501_0.jpg,Nicole Kidman
data/data_faces/1502_0.jpg,1502_0.jpg,Nicole Kidman
data/data_faces/1503_0.jpg,1503_0.jpg,Nicole Kidman
data/data_faces/1504_0.jpg,1504_0.jpg,Nicole Kidman
data/data_faces/1505_0.jpg,1505_0.jpg,Nicole Kidman
data/data_faces/1506_0.jpg,1506_0.jpg,Nicole Kidman
data/data_faces/1507_0.jpg,1507_0.jpg,Nicole Kidman
data/data_faces/1508_0.jpg,1508_0.jpg,Nicole Kidman
data/data_faces/1508_1.jpg,1508_1.jpg,Nicole Kidman
data/data_faces/1508_2.jpg,1508_2.jpg,Nicole Kidman
data/data_faces/1509_0.jpg,1509_0.jpg,Nicole Kidman
data/data_faces/1510_0.jpg,1510_0.jpg,Nicole Kidman
data/data_faces/1511_0.jpg,1511_0.jpg,Nicole Kidman
data/data_faces/1512_0.jpg,1512_0.jpg,Nicole Kidman
data/data_faces/1513_0.jpg,1513_0.jpg,Nicole Kidman
data/data_faces/1514_0.jpg,1514_0.jpg,Nicole Kidman
data/data_faces/1515_0.jpg,1515_0.jpg,Nicole Kidman
data/data_faces/1516_0.jpg,1516_0.jpg,Nicole Kidman
data/data_faces/1517_0.jpg,1517_0.jpg,Nicole Kidman
data/data_faces/1518_0.jpg,1518_0.jpg,Nicole Kidman
data/data_faces/1519_0.jpg,1519_0.jpg,Nicole Kidman
data/data_faces/1520_0.jpg,1520_0.jpg,Nicole Kidman
data/data_faces/1520_1.jpg,1520_1.jpg,Nicole Kidman
data/data_faces/1521_0.jpg,1521_0.jpg,Nicole Kidman
data/data_faces/1522_0.jpg,1522_0.jpg,Nicole Kidman
data/data_faces/1523_0.jpg,1523_0.jpg,Nicole Kidman
data/data_faces/1524_0.jpg,1524_0.jpg,Nicole Kidman
data/data_faces/1525_0.jpg,1525_0.jpg,Nicole Kidman
data/data_faces/1526_0.jpg,1526_0.jpg,Nicole Kidman
data/data_faces/1527_0.jpg,1527_0.jpg,Nicole Kidman
data/data_faces/1528_0.jpg,1528_0.jpg,Nicole Kidman
data/data_faces/1529_0.jpg,1529_0.jpg,Nicole Kidman
data/data_faces/1530_0.jpg,1530_0.jpg,Nicole Kidman
data/data_faces/1531_0.jpg,1531_0.jpg,Nicole Kidman
data/data_faces/1532_0.jpg,1532_0.jpg,Nicole Kidman
data/data_faces/1533_0.jpg,1533_0.jpg,Nicole Kidman
data/data_faces/1534_0.jpg,1534_0.jpg,Nicole Kidman
data/data_faces/1535_0.jpg,1535_0.jpg,Nicole Kidman
data/data_faces/1536_0.jpg,1536_0.jpg,Nicole Kidman
data/data_faces/1537_0.jpg,1537_0.jpg,Nicole Kidman
data/data_faces/1538_0.jpg,1538_0.jpg,Nicole Kidman
data/data_faces/1539_0.jpg,1539_0.jpg,Nicole Kidman
data/data_faces/1540_0.jpg,1540_0.jpg,Nicole Kidman
data/data_faces/1541_0.jpg,1541_0.jpg,Nicole Kidman
data/data_faces/1542_0.jpg,1542_0.jpg,Nicole Kidman
data/data_faces/1543_0.jpg,1543_0.jpg,Nicole Kidman
data/data_faces/1544_0.jpg,1544_0.jpg,Nicole Kidman
data/data_faces/1545_0.jpg,1545_0.jpg,Nicole Kidman
data/data_faces/1546_0.jpg,1546_0.jpg,Nicole Kidman
data/data_faces/1547_0.jpg,1547_0.jpg,Nicole Kidman
data/data_faces/1548_0.jpg,1548_0.jpg,Nicole Kidman
data/data_faces/1549_0.jpg,1549_0.jpg,Nicole Kidman
data/data_faces/1550_0.jpg,1550_0.jpg,Nicole Kidman
data/data_faces/1551_0.jpg,1551_0.jpg,Nicole Kidman
data/data_faces/1552_0.jpg,1552_0.jpg,Nicole Kidman
data/data_faces/1553_0.jpg,1553_0.jpg,Nicole Kidman
data/data_faces/1554_0.jpg,1554_0.jpg,Nicole Kidman
data/data_faces/1555_0.jpg,1555_0.jpg,Nicole Kidman
data/data_faces/1556_0.jpg,1556_0.jpg,Nicole Kidman
data/data_faces/1557_0.jpg,1557_0.jpg,Nicole Kidman
data/data_faces/1558_0.jpg,1558_0.jpg,Nicole Kidman
data/data_faces/1559_0.jpg,1559_0.jpg,Nicole Kidman
data/data_faces/1560_0.jpg,1560_0.jpg,Nicole Kidman
data/data_faces/1561_0.jpg,1561_0.jpg,Nicole Kidman
data/data_faces/1562_0.jpg,1562_0.jpg,Nicole Kidman
data/data_faces/1563_0.jpg,1563_0.jpg,Nicole Kidman
data/data_faces/1564_0.jpg,1564_0.jpg,Nicole Kidman
data/data_faces/1565_0.jpg,1565_0.jpg,Nicole Kidman
data/data_faces/1566_0.jpg,1566_0.jpg,Nicole Kidman
data/data_faces/1567_0.jpg,1567_0.jpg,Nicole Kidman
data/data_faces/1568_0.jpg,1568_0.jpg,Nicole Kidman
data/data_faces/1569_0.jpg,1569_0.jpg,Nicole Kidman
data/data_faces/1570_0.jpg,1570_0.jpg,Nicole Kidman
data/data_faces/1571_0.jpg,1571_0.jpg,Nicole Kidman
data/data_faces/1572_0.jpg,1572_0.jpg,Nicole Kidman
data/data_faces/1573_0.jpg,1573_0.jpg,Nicole Kidman
data/data_faces/1574_0.jpg,1574_0.jpg,Nicole Kidman
data/data_faces/1575_0.jpg,1575_0.jpg,Nicole Kidman
data/data_faces/1576_0.jpg,1576_0.jpg,Nicole Kidman
data/data_faces/1577_0.jpg,1577_0.jpg,Nicole Kidman
data/data_faces/1578_0.jpg,1578_0.jpg,Nicole Kidman
data/data_faces/1578_1.jpg,1578_1.jpg,Nicole Kidman
data/data_faces/1578_2.jpg,1578_2.jpg,Nicole Kidman
data/data_faces/1578_3.jpg,1578_3.jpg,Nicole Kidman
data/data_faces/1578_4.jpg,1578_4.jpg,Nicole Kidman
data/data_faces/1579_0.jpg,1579_0.jpg,Nicole Kidman
data/data_faces/1580_0.jpg,1580_0.jpg,Nicole Kidman
data/data_faces/1581_0.jpg,1581_0.jpg,Nicole Kidman
data/data_faces/1582_0.jpg,1582_0.jpg,Nicole Kidman
data/data_faces/1583_0.jpg,1583_0.jpg,Nicole Kidman
data/data_faces/1584_0.jpg,1584_0.jpg,Nicole Kidman
data/data_faces/1585_0.jpg,1585_0.jpg,Nicole Kidman
data/data_faces/1586_0.jpg,1586_0.jpg,Nicole Kidman
data/data_faces/1587_0.jpg,1587_0.jpg,Nicole Kidman
data/data_faces/1588_0.jpg,1588_0.jpg,Nicole Kidman
data/data_faces/1589_0.jpg,1589_0.jpg,Nicole Kidman
data/data_faces/1590_0.jpg,1590_0.jpg,Nicole Kidman
data/data_faces/1591_0.jpg,1591_0.jpg,Nicole Kidman
data/data_faces/1592_0.jpg,1592_0.jpg,Nicole Kidman
data/data_faces/1593_0.jpg,1593_0.jpg,Nicole Kidman
data/data_faces/1594_0.jpg,1594_0.jpg,Nicole Kidman
data/data_faces/1595_0.jpg,1595_0.jpg,Nicole Kidman
data/data_faces/1596_0.jpg,1596_0.jpg,Nicole Kidman
data/data_faces/1597_0.jpg,1597_0.jpg,Nicole Kidman
data/data_faces/1598_0.jpg,1598_0.jpg,Nicole Kidman
data/data_faces/1599_0.jpg,1599_0.jpg,Nicole Kidman
data/data_faces/1600_0.jpg,1600_0.jpg,Sandra Bullock
data/data_faces/1601_0.jpg,1601_0.jpg,Sandra Bullock
data/data_faces/1602_0.jpg,1602_0.jpg,Sandra Bullock
data/data_faces/1603_0.jpg,1603_0.jpg,Sandra Bullock
data/data_faces/1604_0.jpg,1604_0.jpg,Sandra Bullock
data/data_faces/1605_0.jpg,1605_0.jpg,Sandra Bullock
data/data_faces/1606_0.jpg,1606_0.jpg,Sandra Bullock
data/data_faces/1607_0.jpg,1607_0.jpg,Sandra Bullock
data/data_faces/1608_0.jpg,1608_0.jpg,Sandra Bullock
data/data_faces/1609_0.jpg,1609_0.jpg,Sandra Bullock
data/data_faces/1610_0.jpg,1610_0.jpg,Sandra Bullock
data/data_faces/1611_0.jpg,1611_0.jpg,Sandra Bullock
data/data_faces/1612_0.jpg,1612_0.jpg,Sandra Bullock
data/data_faces/1614_0.jpg,1614_0.jpg,Sandra Bullock
data/data_faces/1615_0.jpg,1615_0.jpg,Sandra Bullock
data/data_faces/1616_0.jpg,1616_0.jpg,Sandra Bullock
data/data_faces/1617_0.jpg,1617_0.jpg,Sandra Bullock
data/data_faces/1618_0.jpg,1618_0.jpg,Sandra Bullock
data/data_faces/1619_0.jpg,1619_0.jpg,Sandra Bullock
data/data_faces/1620_0.jpg,1620_0.jpg,Sandra Bullock
data/data_faces/1621_0.jpg,1621_0.jpg,Sandra Bullock
data/data_faces/1622_0.jpg,1622_0.jpg,Sandra Bullock
data/data_faces/1623_0.jpg,1623_0.jpg,Sandra Bullock
data/data_faces/1624_0.jpg,1624_0.jpg,Sandra Bullock
data/data_faces/1625_0.jpg,1625_0.jpg,Sandra Bullock
data/data_faces/1625_1.jpg,1625_1.jpg,Sandra Bullock
data/data_faces/1626_0.jpg,1626_0.jpg,Sandra Bullock
data/data_faces/1627_0.jpg,1627_0.jpg,Sandra Bullock
data/data_faces/1628_0.jpg,1628_0.jpg,Sandra Bullock
data/data_faces/1629_0.jpg,1629_0.jpg,Sandra Bullock
data/data_faces/1630_0.jpg,1630_0.jpg,Sandra Bullock
data/data_faces/1631_0.jpg,1631_0.jpg,Sandra Bullock
data/data_faces/1632_0.jpg,1632_0.jpg,Sandra Bullock
data/data_faces/1633_0.jpg,1633_0.jpg,Sandra Bullock
data/data_faces/1634_0.jpg,1634_0.jpg,Sandra Bullock
data/data_faces/1635_0.jpg,1635_0.jpg,Sandra Bullock
data/data_faces/1636_0.jpg,1636_0.jpg,Sandra Bullock
data/data_faces/1637_0.jpg,1637_0.jpg,Sandra Bullock
data/data_faces/1638_0.jpg,1638_0.jpg,Sandra Bullock
data/data_faces/1639_0.jpg,1639_0.jpg,Sandra Bullock
data/data_faces/1640_0.jpg,1640_0.jpg,Sandra Bullock
data/data_faces/1641_0.jpg,1641_0.jpg,Sandra Bullock
data/data_faces/1642_0.jpg,1642_0.jpg,Sandra Bullock
data/data_faces/1643_0.jpg,1643_0.jpg,Sandra Bullock
data/data_faces/1644_0.jpg,1644_0.jpg,Sandra Bullock
data/data_faces/1645_0.jpg,1645_0.jpg,Sandra Bullock
data/data_faces/1646_0.jpg,1646_0.jpg,Sandra Bullock
data/data_faces/1647_0.jpg,1647_0.jpg,Sandra Bullock
data/data_faces/1648_0.jpg,1648_0.jpg,Sandra Bullock
data/data_faces/1649_0.jpg,1649_0.jpg,Sandra Bullock
data/data_faces/1650_0.jpg,1650_0.jpg,Sandra Bullock
data/data_faces/1651_0.jpg,1651_0.jpg,Sandra Bullock
data/data_faces/1652_0.jpg,1652_0.jpg,Sandra Bullock
data/data_faces/1653_0.jpg,1653_0.jpg,Sandra Bullock
data/data_faces/1654_0.jpg,1654_0.jpg,Sandra Bullock
data/data_faces/1655_0.jpg,1655_0.jpg,Sandra Bullock
data/data_faces/1656_0.jpg,1656_0.jpg,Sandra Bullock
data/data_faces/1657_0.jpg,1657_0.jpg,Sandra Bullock
data/data_faces/1658_0.jpg,1658_0.jpg,Sandra Bullock
data/data_faces/1659_0.jpg,1659_0.jpg,Sandra Bullock
data/data_faces/1659_1.jpg,1659_1.jpg,Sandra Bullock
data/data_faces/1660_0.jpg,1660_0.jpg,Sandra Bullock
data/data_faces/1661_0.jpg,1661_0.jpg,Sandra Bullock
data/data_faces/1662_0.jpg,1662_0.jpg,Sandra Bullock
data/data_faces/1663_0.jpg,1663_0.jpg,Sandra Bullock
data/data_faces/1664_0.jpg,1664_0.jpg,Sandra Bullock
data/data_faces/1665_0.jpg,1665_0.jpg,Sandra Bullock
data/data_faces/1666_0.jpg,1666_0.jpg,Sandra Bullock
data/data_faces/1667_0.jpg,1667_0.jpg,Sandra Bullock
data/data_faces/1668_0.jpg,1668_0.jpg,Sandra Bullock
data/data_faces/1669_0.jpg,1669_0.jpg,Sandra Bullock
data/data_faces/1670_0.jpg,1670_0.jpg,Sandra Bullock
data/data_faces/1671_0.jpg,1671_0.jpg,Sandra Bullock
data/data_faces/1672_0.jpg,1672_0.jpg,Sandra Bullock
data/data_faces/1673_0.jpg,1673_0.jpg,Sandra Bullock
data/data_faces/1674_0.jpg,1674_0.jpg,Sandra Bullock
data/data_faces/1675_0.jpg,1675_0.jpg,Sandra Bullock
data/data_faces/1676_0.jpg,1676_0.jpg,Sandra Bullock
data/data_faces/1677_0.jpg,1677_0.jpg,Sandra Bullock
data/data_faces/1678_0.jpg,1678_0.jpg,Sandra Bullock
data/data_faces/1679_0.jpg,1679_0.jpg,Sandra Bullock
data/data_faces/1680_0.jpg,1680_0.jpg,Sandra Bullock
data/data_faces/1681_0.jpg,1681_0.jpg,Sandra Bullock
data/data_faces/1682_0.jpg,1682_0.jpg,Sandra Bullock
data/data_faces/1682_1.jpg,1682_1.jpg,Sandra Bullock
data/data_faces/1683_0.jpg,1683_0.jpg,Sandra Bullock
data/data_faces/1684_0.jpg,1684_0.jpg,Sandra Bullock
data/data_faces/1685_0.jpg,1685_0.jpg,Sandra Bullock
data/data_faces/1687_0.jpg,1687_0.jpg,Sandra Bullock
data/data_faces/1688_0.jpg,1688_0.jpg,Sandra Bullock
data/data_faces/1689_0.jpg,1689_0.jpg,Sandra Bullock
data/data_faces/1690_0.jpg,1690_0.jpg,Sandra Bullock
data/data_faces/1691_0.jpg,1691_0.jpg,Sandra Bullock
data/data_faces/1692_0.jpg,1692_0.jpg,Sandra Bullock
data/data_faces/1693_0.jpg,1693_0.jpg,Sandra Bullock
data/data_faces/1694_0.jpg,1694_0.jpg,Sandra Bullock
data/data_faces/1695_0.jpg,1695_0.jpg,Sandra Bullock
data/data_faces/1696_0.jpg,1696_0.jpg,Sandra Bullock
data/data_faces/1697_0.jpg,1697_0.jpg,Sandra Bullock
data/data_faces/1698_0.jpg,1698_0.jpg,Sandra Bullock
data/data_faces/1699_0.jpg,1699_0.jpg,Sandra Bullock
data/data_faces/1700_0.jpg,1700_0.jpg,Megan Fox
data/data_faces/1701_0.jpg,1701_0.jpg,Megan Fox
data/data_faces/1702_0.jpg,1702_0.jpg,Megan Fox
data/data_faces/1703_0.jpg,1703_0.jpg,Megan Fox
data/data_faces/1704_0.jpg,1704_0.jpg,Megan Fox
data/data_faces/1705_0.jpg,1705_0.jpg,Megan Fox
data/data_faces/1706_0.jpg,1706_0.jpg,Megan Fox
data/data_faces/1707_0.jpg,1707_0.jpg,Megan Fox
data/data_faces/1708_0.jpg,1708_0.jpg,Megan Fox
data/data_faces/1709_0.jpg,1709_0.jpg,Megan Fox
data/data_faces/1710_0.jpg,1710_0.jpg,Megan Fox
data/data_faces/1711_0.jpg,1711_0.jpg,Megan Fox
data/data_faces/1712_0.jpg,1712_0.jpg,Megan Fox
data/data_faces/1713_0.jpg,1713_0.jpg,Megan Fox
data/data_faces/1714_0.jpg,1714_0.jpg,Megan Fox
data/data_faces/1715_0.jpg,1715_0.jpg,Megan Fox
data/data_faces/1716_0.jpg,1716_0.jpg,Megan Fox
data/data_faces/1717_0.jpg,1717_0.jpg,Megan Fox
data/data_faces/1718_0.jpg,1718_0.jpg,Megan Fox
data/data_faces/1719_0.jpg,1719_0.jpg,Megan Fox
data/data_faces/1720_0.jpg,1720_0.jpg,Megan Fox
data/data_faces/1721_0.jpg,1721_0.jpg,Megan Fox
data/data_faces/1722_0.jpg,1722_0.jpg,Megan Fox
data/data_faces/1723_0.jpg,1723_0.jpg,Megan Fox
data/data_faces/1723_1.jpg,1723_1.jpg,Megan Fox
data/data_faces/1724_0.jpg,1724_0.jpg,Megan Fox
data/data_faces/1725_0.jpg,1725_0.jpg,Megan Fox
data/data_faces/1726_0.jpg,1726_0.jpg,Megan Fox
data/data_faces/1727_0.jpg,1727_0.jpg,Megan Fox
data/data_faces/1728_0.jpg,1728_0.jpg,Megan Fox
data/data_faces/1729_0.jpg,1729_0.jpg,Megan Fox
data/data_faces/1730_0.jpg,1730_0.jpg,Megan Fox
data/data_faces/1731_0.jpg,1731_0.jpg,Megan Fox
data/data_faces/1732_0.jpg,1732_0.jpg,Megan Fox
data/data_faces/1733_0.jpg,1733_0.jpg,Megan Fox
data/data_faces/1734_0.jpg,1734_0.jpg,Megan Fox
data/data_faces/1735_0.jpg,1735_0.jpg,Megan Fox
data/data_faces/1736_0.jpg,1736_0.jpg,Megan Fox
data/data_faces/1737_0.jpg,1737_0.jpg,Megan Fox
data/data_faces/1738_0.jpg,1738_0.jpg,Megan Fox
data/data_faces/1739_0.jpg,1739_0.jpg,Megan Fox
data/data_faces/1740_0.jpg,1740_0.jpg,Megan Fox
data/data_faces/1741_0.jpg,1741_0.jpg,Megan Fox
data/data_faces/1742_0.jpg,1742_0.jpg,Megan Fox
data/data_faces/1743_0.jpg,1743_0.jpg,Megan Fox
data/data_faces/1744_0.jpg,1744_0.jpg,Megan Fox
data/data_faces/1745_0.jpg,1745_0.jpg,Megan Fox
data/data_faces/1746_0.jpg,1746_0.jpg,Megan Fox
data/data_faces/1747_0.jpg,1747_0.jpg,Megan Fox
data/data_faces/1748_0.jpg,1748_0.jpg,Megan Fox
data/data_faces/1749_0.jpg,1749_0.jpg,Megan Fox
data/data_faces/1750_0.jpg,1750_0.jpg,Megan Fox
data/data_faces/1751_0.jpg,1751_0.jpg,Megan Fox
data/data_faces/1752_0.jpg,1752_0.jpg,Megan Fox
data/data_faces/1753_0.jpg,1753_0.jpg,Megan Fox
data/data_faces/1754_0.jpg,1754_0.jpg,Megan Fox
data/data_faces/1755_0.jpg,1755_0.jpg,Megan Fox
data/data_faces/1756_0.jpg,1756_0.jpg,Megan Fox
data/data_faces/1757_0.jpg,1757_0.jpg,Megan Fox
data/data_faces/1758_0.jpg,1758_0.jpg,Megan Fox
data/data_faces/1759_0.jpg,1759_0.jpg,Megan Fox
data/data_faces/1760_0.jpg,1760_0.jpg,Megan Fox
data/data_faces/1761_0.jpg,1761_0.jpg,Megan Fox
data/data_faces/1762_0.jpg,1762_0.jpg,Megan Fox
data/data_faces/1763_0.jpg,1763_0.jpg,Megan Fox
data/data_faces/1764_0.jpg,1764_0.jpg,Megan Fox
data/data_faces/1765_0.jpg,1765_0.jpg,Megan Fox
data/data_faces/1766_0.jpg,1766_0.jpg,Megan Fox
data/data_faces/1767_0.jpg,1767_0.jpg,Megan Fox
data/data_faces/1768_0.jpg,1768_0.jpg,Megan Fox
data/data_faces/1769_0.jpg,1769_0.jpg,Megan Fox
data/data_faces/1770_0.jpg,1770_0.jpg,Megan Fox
data/data_faces/1771_0.jpg,1771_0.jpg,Megan Fox
data/data_faces/1772_0.jpg,1772_0.jpg,Megan Fox
data/data_faces/1773_0.jpg,1773_0.jpg,Megan Fox
data/data_faces/1774_0.jpg,1774_0.jpg,Megan Fox
data/data_faces/1775_0.jpg,1775_0.jpg,Megan Fox
data/data_faces/1776_0.jpg,1776_0.jpg,Megan Fox
data/data_faces/1777_0.jpg,1777_0.jpg,Megan Fox
data/data_faces/1778_0.jpg,1778_0.jpg,Megan Fox
data/data_faces/1779_0.jpg,1779_0.jpg,Megan Fox
data/data_faces/1780_0.jpg,1780_0.jpg,Megan Fox
data/data_faces/1781_0.jpg,1781_0.jpg,Megan Fox
data/data_faces/1782_0.jpg,1782_0.jpg,Megan Fox
data/data_faces/1783_0.jpg,1783_0.jpg,Megan Fox
data/data_faces/1784_0.jpg,1784_0.jpg,Megan Fox
data/data_faces/1785_0.jpg,1785_0.jpg,Megan Fox
data/data_faces/1786_0.jpg,1786_0.jpg,Megan Fox
data/data_faces/1787_0.jpg,1787_0.jpg,Megan Fox
data/data_faces/1788_0.jpg,1788_0.jpg,Megan Fox
data/data_faces/1789_0.jpg,1789_0.jpg,Megan Fox
data/data_faces/1790_0.jpg,1790_0.jpg,Megan Fox
data/data_faces/1791_0.jpg,1791_0.jpg,Megan Fox
data/data_faces/1792_0.jpg,1792_0.jpg,Megan Fox
data/data_faces/1793_0.jpg,1793_0.jpg,Megan Fox
data/data_faces/1794_0.jpg,1794_0.jpg,Megan Fox
data/data_faces/1795_0.jpg,1795_0.jpg,Megan Fox
data/data_faces/1796_0.jpg,1796_0.jpg,Megan Fox
data/data_faces/1797_0.jpg,1797_0.jpg,Megan Fox
data/data_faces/1798_0.jpg,1798_0.jpg,Megan Fox
data/data_faces/1799_0.jpg,1799_0.jpg,Megan Fox